id,trajectory_id,lon,lat,timestamp
1,1,-8.618643,41.141412,2013-07-01 00:00:58
2,1,-8.618499,41.141376,2013-07-01 00:01:13
3,1,-8.620326,41.14251,2013-07-01 00:01:28
4,1,-8.622153,41.143815,2013-07-01 00:01:43
5,1,-8.623953,41.144373,2013-07-01 00:01:58
6,1,-8.62668,41.144778,2013-07-01 00:02:13
7,1,-8.627373,41.144697,2013-07-01 00:02:28
8,1,-8.630226,41.14521,2013-07-01 00:02:43
9,1,-8.632746,41.14692,2013-07-01 00:02:58
10,1,-8.631738,41.148225,2013-07-01 00:03:13
11,1,-8.629938,41.150385,2013-07-01 00:03:28
12,1,-8.62911,41.151213,2013-07-01 00:03:43
13,1,-8.629128,41.15124,2013-07-01 00:03:58
14,1,-8.628786,41.152203,2013-07-01 00:04:13
15,1,-8.628687,41.152374,2013-07-01 00:04:28
16,1,-8.628759,41.152518,2013-07-01 00:04:43
17,1,-8.630838,41.15268,2013-07-01 00:04:58
18,1,-8.632323,41.153022,2013-07-01 00:05:13
19,1,-8.631144,41.154489,2013-07-01 00:05:28
20,1,-8.630829,41.154507,2013-07-01 00:05:43
21,1,-8.630829,41.154516,2013-07-01 00:05:58
22,1,-8.630829,41.154498,2013-07-01 00:06:13
23,1,-8.630838,41.154489,2013-07-01 00:06:28
24,2,-8.639847,41.159826,2013-07-01 00:08:23
25,2,-8.640351,41.159871,2013-07-01 00:08:38
26,2,-8.642196,41.160114,2013-07-01 00:08:53
27,2,-8.644455,41.160492,2013-07-01 00:09:08
28,2,-8.646921,41.160951,2013-07-01 00:09:23
29,2,-8.649999,41.161491,2013-07-01 00:09:38
30,2,-8.653167,41.162031,2013-07-01 00:09:53
31,2,-8.656434,41.16258,2013-07-01 00:10:08
32,2,-8.660178,41.163192,2013-07-01 00:10:23
33,2,-8.663112,41.163687,2013-07-01 00:10:38
34,2,-8.666235,41.1642,2013-07-01 00:10:53
35,2,-8.669169,41.164704,2013-07-01 00:11:08
36,2,-8.670852,41.165136,2013-07-01 00:11:23
37,2,-8.670942,41.166576,2013-07-01 00:11:38
38,2,-8.66961,41.167962,2013-07-01 00:11:53
39,2,-8.668098,41.168988,2013-07-01 00:12:08
40,2,-8.66664,41.170005,2013-07-01 00:12:23
41,2,-8.665767,41.170635,2013-07-01 00:12:38
42,2,-8.66574,41.170671,2013-07-01 00:12:53
43,3,-8.612964,41.140359,2013-07-01 00:02:31
44,3,-8.613378,41.14035,2013-07-01 00:02:46
45,3,-8.614215,41.140278,2013-07-01 00:03:01
46,3,-8.614773,41.140368,2013-07-01 00:03:16
47,3,-8.615907,41.140449,2013-07-01 00:03:31
48,3,-8.616609,41.140602,2013-07-01 00:03:46
49,3,-8.618472,41.141412,2013-07-01 00:04:01
50,3,-8.620623,41.142789,2013-07-01 00:04:16
51,3,-8.622558,41.144094,2013-07-01 00:04:31
52,3,-8.62506,41.144805,2013-07-01 00:04:46
53,3,-8.627436,41.144733,2013-07-01 00:05:01
54,3,-8.630082,41.145174,2013-07-01 00:05:16
55,3,-8.6319,41.146461,2013-07-01 00:05:31
56,3,-8.632584,41.147316,2013-07-01 00:05:46
57,3,-8.631252,41.148774,2013-07-01 00:06:01
58,3,-8.629713,41.150628,2013-07-01 00:06:16
59,3,-8.628804,41.152077,2013-07-01 00:06:31
60,3,-8.628579,41.152464,2013-07-01 00:06:46
61,3,-8.62875,41.152662,2013-07-01 00:07:01
62,3,-8.630424,41.15277,2013-07-01 00:07:16
63,3,-8.632683,41.152779,2013-07-01 00:07:31
64,3,-8.635131,41.152563,2013-07-01 00:07:46
65,3,-8.637705,41.153013,2013-07-01 00:08:01
66,3,-8.64036,41.15358,2013-07-01 00:08:16
67,3,-8.642205,41.154021,2013-07-01 00:08:31
68,3,-8.644068,41.154507,2013-07-01 00:08:46
69,3,-8.646453,41.154336,2013-07-01 00:09:01
70,3,-8.648613,41.1543,2013-07-01 00:09:16
71,3,-8.649504,41.154336,2013-07-01 00:09:31
72,3,-8.649837,41.154354,2013-07-01 00:09:46
73,3,-8.649837,41.1543,2013-07-01 00:10:01
74,3,-8.649882,41.154282,2013-07-01 00:10:16
75,3,-8.649936,41.1543,2013-07-01 00:10:31
76,3,-8.6499,41.154264,2013-07-01 00:10:46
77,3,-8.599383,41.141736,2013-07-01 00:11:01
78,3,-8.59653,41.140566,2013-07-01 00:11:16
79,3,-8.65008,41.154291,2013-07-01 00:11:31
80,3,-8.650395,41.153814,2013-07-01 00:11:46
81,3,-8.650377,41.153832,2013-07-01 00:12:01
82,3,-8.650359,41.153787,2013-07-01 00:12:16
83,3,-8.649891,41.153166,2013-07-01 00:12:31
84,3,-8.649369,41.152572,2013-07-01 00:12:46
85,3,-8.649198,41.152374,2013-07-01 00:13:01
86,3,-8.649711,41.151213,2013-07-01 00:13:16
87,3,-8.649117,41.150466,2013-07-01 00:13:31
88,3,-8.649117,41.149062,2013-07-01 00:13:46
89,3,-8.648613,41.148261,2013-07-01 00:14:01
90,3,-8.648424,41.148225,2013-07-01 00:14:16
91,3,-8.647587,41.148405,2013-07-01 00:14:31
92,3,-8.64594,41.148414,2013-07-01 00:14:46
93,3,-8.643861,41.148135,2013-07-01 00:15:01
94,3,-8.642763,41.148027,2013-07-01 00:15:16
95,3,-8.640918,41.14836,2013-07-01 00:15:31
96,3,-8.637759,41.148351,2013-07-01 00:15:46
97,3,-8.635338,41.147964,2013-07-01 00:16:01
98,3,-8.633277,41.147172,2013-07-01 00:16:16
99,3,-8.631513,41.146146,2013-07-01 00:16:31
100,3,-8.629776,41.14503,2013-07-01 00:16:46
101,3,-8.627814,41.144643,2013-07-01 00:17:01
102,3,-8.625996,41.144769,2013-07-01 00:17:16
103,3,-8.624088,41.144463,2013-07-01 00:17:31
104,3,-8.621325,41.143401,2013-07-01 00:17:46
105,3,-8.619444,41.141961,2013-07-01 00:18:01
106,3,-8.617365,41.140863,2013-07-01 00:18:16
107,3,-8.61597,41.14053,2013-07-01 00:18:31
108,4,-8.574678,41.151951,2013-07-01 00:00:54
109,4,-8.574705,41.151942,2013-07-01 00:01:09
110,4,-8.574696,41.151933,2013-07-01 00:01:24
111,4,-8.57466,41.15196,2013-07-01 00:01:39
112,4,-8.574723,41.151933,2013-07-01 00:01:54
113,4,-8.574714,41.151924,2013-07-01 00:02:09
114,4,-8.574714,41.151924,2013-07-01 00:02:24
115,4,-8.575164,41.150934,2013-07-01 00:02:39
116,4,-8.577135,41.150232,2013-07-01 00:02:54
117,4,-8.57853,41.148639,2013-07-01 00:03:09
118,4,-8.579745,41.147316,2013-07-01 00:03:24
119,4,-8.579358,41.146173,2013-07-01 00:03:39
120,4,-8.580744,41.14503,2013-07-01 00:03:54
121,4,-8.582904,41.14512,2013-07-01 00:04:09
122,4,-8.58438,41.146479,2013-07-01 00:04:24
123,4,-8.610849,41.145876,2013-07-01 00:04:39
124,4,-8.610012,41.146479,2013-07-01 00:04:54
125,4,-8.609058,41.146866,2013-07-01 00:05:09
126,4,-8.608968,41.147055,2013-07-01 00:05:24
127,4,-8.586027,41.148702,2013-07-01 00:05:39
128,4,-8.587197,41.149224,2013-07-01 00:05:54
129,4,-8.588205,41.148963,2013-07-01 00:06:09
130,4,-8.588835,41.147604,2013-07-01 00:06:24
131,4,-8.590176,41.147082,2013-07-01 00:06:39
132,4,-8.592543,41.146614,2013-07-01 00:06:54
133,4,-8.594721,41.146245,2013-07-01 00:07:09
134,4,-8.596737,41.146317,2013-07-01 00:07:24
135,4,-8.59869,41.146119,2013-07-01 00:07:39
136,4,-8.598816,41.146101,2013-07-01 00:07:54
137,4,-8.600193,41.146155,2013-07-01 00:08:09
138,4,-8.601057,41.146101,2013-07-01 00:08:24
139,4,-8.602344,41.14575,2013-07-01 00:08:39
140,4,-8.602785,41.145705,2013-07-01 00:08:54
141,4,-8.60328,41.145597,2013-07-01 00:09:09
142,4,-8.604045,41.145417,2013-07-01 00:09:24
143,4,-8.604657,41.144256,2013-07-01 00:09:39
144,4,-8.605854,41.142555,2013-07-01 00:09:54
145,4,-8.607951,41.142753,2013-07-01 00:10:09
146,4,-8.607978,41.142825,2013-07-01 00:10:24
147,4,-8.607996,41.142879,2013-07-01 00:10:39
148,4,-8.607987,41.142888,2013-07-01 00:10:54
149,4,-8.608005,41.142915,2013-07-01 00:11:09
150,4,-8.607996,41.142915,2013-07-01 00:11:24
151,5,-8.645994,41.18049,2013-07-01 00:04:51
152,5,-8.645949,41.180517,2013-07-01 00:05:06
153,5,-8.646048,41.180049,2013-07-01 00:05:21
154,5,-8.646804,41.178888,2013-07-01 00:05:36
155,5,-8.649495,41.178465,2013-07-01 00:05:51
156,5,-8.65215,41.177961,2013-07-01 00:06:06
157,5,-8.654049,41.177196,2013-07-01 00:06:21
158,5,-8.655012,41.177925,2013-07-01 00:06:36
159,5,-8.656353,41.177853,2013-07-01 00:06:51
160,5,-8.659647,41.177277,2013-07-01 00:07:06
161,5,-8.662518,41.177619,2013-07-01 00:07:21
162,5,-8.664561,41.179221,2013-07-01 00:07:36
163,5,-8.667432,41.178537,2013-07-01 00:07:51
164,5,-8.668944,41.176674,2013-07-01 00:08:06
165,5,-8.671374,41.17518,2013-07-01 00:08:21
166,5,-8.673894,41.173308,2013-07-01 00:08:36
167,5,-8.676918,41.171841,2013-07-01 00:08:51
168,5,-8.680032,41.171949,2013-07-01 00:09:06
169,5,-8.682615,41.173191,2013-07-01 00:09:21
170,5,-8.685441,41.173776,2013-07-01 00:09:36
171,5,-8.688105,41.17365,2013-07-01 00:09:51
172,5,-8.688879,41.174379,2013-07-01 00:10:06
173,5,-8.689059,41.17608,2013-07-01 00:10:21
174,5,-8.689086,41.176431,2013-07-01 00:10:36
175,5,-8.689059,41.176593,2013-07-01 00:10:51
176,5,-8.687502,41.176755,2013-07-01 00:11:06
177,5,-8.687259,41.177781,2013-07-01 00:11:21
178,5,-8.687259,41.178078,2013-07-01 00:11:36
179,5,-8.687268,41.178087,2013-07-01 00:11:51
180,6,-8.615502,41.140674,2013-07-01 00:02:45
181,6,-8.614854,41.140926,2013-07-01 00:03:00
182,6,-8.613351,41.14152,2013-07-01 00:03:15
183,6,-8.609976,41.140854,2013-07-01 00:03:30
184,6,-8.607537,41.141295,2013-07-01 00:03:45
185,6,-8.603676,41.141808,2013-07-01 00:04:00
186,6,-8.599833,41.141916,2013-07-01 00:04:15
187,6,-8.596458,41.140494,2013-07-01 00:04:30
188,6,-8.592993,41.140008,2013-07-01 00:04:45
189,6,-8.589384,41.140674,2013-07-01 00:05:00
190,6,-8.587026,41.142753,2013-07-01 00:05:15
191,6,-8.583831,41.143644,2013-07-01 00:05:30
192,6,-8.581086,41.143698,2013-07-01 00:05:45
193,6,-8.579133,41.144238,2013-07-01 00:06:00
194,6,-8.577594,41.144688,2013-07-01 00:06:15
195,6,-8.578809,41.145957,2013-07-01 00:06:30
196,6,-8.580168,41.147136,2013-07-01 00:06:45
197,6,-8.578827,41.149359,2013-07-01 00:07:00
198,6,-8.579808,41.151879,2013-07-01 00:07:15
199,6,-8.581626,41.153868,2013-07-01 00:07:30
200,6,-8.582076,41.155434,2013-07-01 00:07:45
201,6,-8.580546,41.155947,2013-07-01 00:08:00
202,6,-8.578719,41.156271,2013-07-01 00:08:15
203,6,-8.578629,41.157693,2013-07-01 00:08:30
204,6,-8.578521,41.159439,2013-07-01 00:08:45
205,6,-8.578224,41.160717,2013-07-01 00:09:00
206,7,-8.57952,41.145948,2013-07-01 00:06:50
207,7,-8.580942,41.145039,2013-07-01 00:07:05
208,7,-8.582706,41.145021,2013-07-01 00:07:20
209,7,-8.584092,41.146164,2013-07-01 00:07:35
210,7,-8.58546,41.14683,2013-07-01 00:07:50
211,7,-8.587116,41.147397,2013-07-01 00:08:05
212,7,-8.586171,41.148018,2013-07-01 00:08:20
213,7,-8.58609,41.148963,2013-07-01 00:08:35
214,7,-8.588016,41.149368,2013-07-01 00:08:50
215,7,-8.590401,41.150016,2013-07-01 00:09:05
216,7,-8.593119,41.150736,2013-07-01 00:09:20
217,7,-8.593506,41.150853,2013-07-01 00:09:35
218,7,-8.593668,41.15097,2013-07-01 00:09:50
219,7,-8.595342,41.150232,2013-07-01 00:10:05
220,7,-8.59608,41.149827,2013-07-01 00:10:20
221,7,-8.597466,41.148909,2013-07-01 00:10:35
222,7,-8.598051,41.148567,2013-07-01 00:10:50
223,7,-8.598663,41.148342,2013-07-01 00:11:05
224,7,-8.600688,41.148585,2013-07-01 00:11:20
225,7,-8.601723,41.147325,2013-07-01 00:11:35
226,7,-8.601795,41.147262,2013-07-01 00:11:50
227,7,-8.601768,41.147289,2013-07-01 00:12:05
228,7,-8.602227,41.147001,2013-07-01 00:12:20
229,7,-8.603667,41.146578,2013-07-01 00:12:35
230,7,-8.603739,41.146578,2013-07-01 00:12:50
231,7,-8.604477,41.146164,2013-07-01 00:13:05
232,7,-8.604702,41.145408,2013-07-01 00:13:20
233,7,-8.604477,41.145327,2013-07-01 00:13:35
234,7,-8.604747,41.144445,2013-07-01 00:13:50
235,7,-8.604945,41.144148,2013-07-01 00:14:05
236,7,-8.603703,41.143608,2013-07-01 00:14:20
237,7,-8.602236,41.142807,2013-07-01 00:14:35
238,7,-8.603244,41.142681,2013-07-01 00:14:50
239,7,-8.604,41.142798,2013-07-01 00:15:05
240,7,-8.603982,41.142798,2013-07-01 00:15:20
241,7,-8.603973,41.142816,2013-07-01 00:15:35
242,8,-8.617563,41.146182,2013-07-01 00:08:19
243,8,-8.617527,41.145849,2013-07-01 00:08:34
244,8,-8.616978,41.144832,2013-07-01 00:08:49
245,8,-8.615754,41.145426,2013-07-01 00:09:04
246,8,-8.615745,41.145408,2013-07-01 00:09:19
247,8,-8.615466,41.145714,2013-07-01 00:09:34
248,8,-8.615142,41.147046,2013-07-01 00:09:49
249,8,-8.615142,41.147118,2013-07-01 00:10:04
250,8,-8.61579,41.147298,2013-07-01 00:10:19
251,8,-8.617455,41.147235,2013-07-01 00:10:34
252,8,-8.617716,41.147217,2013-07-01 00:10:49
253,8,-8.618013,41.147505,2013-07-01 00:11:04
254,8,-8.618796,41.148603,2013-07-01 00:11:19
255,8,-8.619948,41.148468,2013-07-01 00:11:34
256,8,-8.620758,41.148927,2013-07-01 00:11:49
257,8,-8.621055,41.150565,2013-07-01 00:12:04
258,8,-8.620893,41.152284,2013-07-01 00:12:19
259,8,-8.621001,41.154246,2013-07-01 00:12:34
260,8,-8.620821,41.15547,2013-07-01 00:12:49
261,8,-8.620848,41.155452,2013-07-01 00:13:04
262,8,-8.620812,41.155803,2013-07-01 00:13:19
263,8,-8.62092,41.157225,2013-07-01 00:13:34
264,8,-8.622819,41.158242,2013-07-01 00:13:49
265,8,-8.624682,41.159475,2013-07-01 00:14:04
266,8,-8.624664,41.159718,2013-07-01 00:14:19
267,8,-8.624691,41.160492,2013-07-01 00:14:34
268,8,-8.624709,41.161563,2013-07-01 00:14:49
269,8,-8.624718,41.161563,2013-07-01 00:15:04
270,8,-8.624727,41.161554,2013-07-01 00:15:19
271,8,-8.624736,41.161545,2013-07-01 00:15:34
272,8,-8.624736,41.161536,2013-07-01 00:15:49
273,8,-8.624736,41.161536,2013-07-01 00:16:04
274,8,-8.624727,41.161545,2013-07-01 00:16:19
275,8,-8.6247,41.161554,2013-07-01 00:16:34
276,9,-8.611794,41.140557,2013-07-01 00:07:54
277,9,-8.611785,41.140575,2013-07-01 00:08:09
278,9,-8.612001,41.140566,2013-07-01 00:08:24
279,9,-8.612622,41.140503,2013-07-01 00:08:39
280,9,-8.613702,41.140341,2013-07-01 00:08:54
281,9,-8.614665,41.140386,2013-07-01 00:09:09
282,9,-8.615844,41.140485,2013-07-01 00:09:24
283,9,-8.61561,41.140683,2013-07-01 00:09:39
284,9,-8.614566,41.141088,2013-07-01 00:09:54
285,9,-8.614395,41.141979,2013-07-01 00:10:09
286,9,-8.613936,41.142942,2013-07-01 00:10:24
287,9,-8.612793,41.143851,2013-07-01 00:10:39
288,9,-8.611488,41.144787,2013-07-01 00:10:54
289,9,-8.610543,41.144391,2013-07-01 00:11:09
290,9,-8.610282,41.143536,2013-07-01 00:11:24
291,9,-8.610255,41.143401,2013-07-01 00:11:39
292,9,-8.608824,41.143239,2013-07-01 00:11:54
293,9,-8.608419,41.143149,2013-07-01 00:12:09
294,9,-8.606565,41.142348,2013-07-01 00:12:24
295,9,-8.605179,41.143446,2013-07-01 00:12:39
296,9,-8.604549,41.144796,2013-07-01 00:12:54
297,9,-8.604297,41.1453,2013-07-01 00:13:09
298,9,-8.603505,41.145561,2013-07-01 00:13:24
299,9,-8.602488,41.145633,2013-07-01 00:13:39
300,9,-8.601039,41.145759,2013-07-01 00:13:54
301,9,-8.600436,41.146443,2013-07-01 00:14:09
302,9,-8.599977,41.147289,2013-07-01 00:14:24
303,9,-8.598681,41.14827,2013-07-01 00:14:39
304,9,-8.598303,41.148423,2013-07-01 00:14:54
305,9,-8.598618,41.149467,2013-07-01 00:15:09
306,9,-8.597529,41.151294,2013-07-01 00:15:24
307,9,-8.596161,41.153679,2013-07-01 00:15:39
308,9,-8.594838,41.155983,2013-07-01 00:15:54
309,9,-8.594163,41.157135,2013-07-01 00:16:09
310,9,-8.593002,41.159187,2013-07-01 00:16:24
311,9,-8.591454,41.161608,2013-07-01 00:16:39
312,9,-8.589924,41.163453,2013-07-01 00:16:54
313,9,-8.589402,41.163309,2013-07-01 00:17:09
314,10,-8.615907,41.140557,2013-07-01 00:18:25
315,10,-8.614449,41.141088,2013-07-01 00:18:40
316,10,-8.613522,41.14143,2013-07-01 00:18:55
317,10,-8.609904,41.140827,2013-07-01 00:19:10
318,10,-8.609301,41.139522,2013-07-01 00:19:25
319,10,-8.609544,41.138865,2013-07-01 00:19:40
320,10,-8.610777,41.137551,2013-07-01 00:19:55
321,10,-8.611452,41.136012,2013-07-01 00:20:10
322,10,-8.610624,41.134563,2013-07-01 00:20:25
323,10,-8.609319,41.134446,2013-07-01 00:20:40
324,10,-8.608014,41.1345,2013-07-01 00:20:55
325,10,-8.607987,41.134536,2013-07-01 00:21:10
326,10,-8.607987,41.134518,2013-07-01 00:21:25
327,10,-8.607861,41.134536,2013-07-01 00:21:40
328,10,-8.60778,41.134545,2013-07-01 00:21:55
329,10,-8.607411,41.134527,2013-07-01 00:22:10
330,10,-8.605476,41.134392,2013-07-01 00:22:25
331,10,-8.604603,41.134176,2013-07-01 00:22:40
332,10,-8.604594,41.134158,2013-07-01 00:22:55
333,11,-8.619894,41.148009,2013-07-01 00:01:15
334,11,-8.620164,41.14773,2013-07-01 00:01:30
335,11,-8.62065,41.148513,2013-07-01 00:01:45
336,11,-8.62092,41.150313,2013-07-01 00:02:00
337,11,-8.621208,41.151951,2013-07-01 00:02:15
338,11,-8.621118,41.153517,2013-07-01 00:02:30
339,11,-8.620884,41.155416,2013-07-01 00:02:45
340,11,-8.620938,41.155479,2013-07-01 00:03:00
341,11,-8.620974,41.155461,2013-07-01 00:03:15
342,11,-8.621028,41.155461,2013-07-01 00:03:30
343,11,-8.619777,41.155344,2013-07-01 00:03:45
344,11,-8.619282,41.155335,2013-07-01 00:04:00
345,11,-8.618112,41.155101,2013-07-01 00:04:15
346,11,-8.61534,41.154579,2013-07-01 00:04:30
347,11,-8.613297,41.153994,2013-07-01 00:04:45
348,11,-8.612064,41.153832,2013-07-01 00:05:00
349,11,-8.611911,41.155227,2013-07-01 00:05:15
350,11,-8.611794,41.156838,2013-07-01 00:05:30
351,11,-8.610804,41.157171,2013-07-01 00:05:45
352,11,-8.61021,41.15727,2013-07-01 00:06:00
353,11,-8.609508,41.157333,2013-07-01 00:06:15
354,11,-8.60949,41.157351,2013-07-01 00:06:30
355,12,-8.56242,41.168403,2013-07-01 00:19:44
356,12,-8.562429,41.168358,2013-07-01 00:19:59
357,12,-8.562348,41.167953,2013-07-01 00:20:14
358,12,-8.564571,41.167125,2013-07-01 00:20:29
359,12,-8.566596,41.166621,2013-07-01 00:20:44
360,12,-8.568,41.167476,2013-07-01 00:20:59
361,12,-8.570295,41.167755,2013-07-01 00:21:14
362,12,-8.570223,41.169321,2013-07-01 00:21:29
363,12,-8.570898,41.168817,2013-07-01 00:21:44
364,12,-8.572626,41.16924,2013-07-01 00:21:59
365,12,-8.57403,41.168457,2013-07-01 00:22:14
366,12,-8.576046,41.167197,2013-07-01 00:22:29
367,12,-8.577711,41.165442,2013-07-01 00:22:44
368,12,-8.580087,41.164065,2013-07-01 00:22:59
369,12,-8.58222,41.164452,2013-07-01 00:23:14
370,12,-8.584056,41.163201,2013-07-01 00:23:29
371,12,-8.586387,41.163381,2013-07-01 00:23:44
372,12,-8.588772,41.1642,2013-07-01 00:23:59
373,12,-8.589546,41.164164,2013-07-01 00:24:14
374,12,-8.590158,41.163444,2013-07-01 00:24:29
375,12,-8.591607,41.16186,2013-07-01 00:24:44
376,12,-8.593272,41.160564,2013-07-01 00:24:59
377,12,-8.595792,41.160744,2013-07-01 00:25:14
378,12,-8.596701,41.160942,2013-07-01 00:25:29
379,12,-8.597898,41.161158,2013-07-01 00:25:44
380,12,-8.598528,41.161221,2013-07-01 00:25:59
381,12,-8.600886,41.161527,2013-07-01 00:26:14
382,12,-8.603532,41.161788,2013-07-01 00:26:29
383,12,-8.603955,41.161815,2013-07-01 00:26:44
384,12,-8.60571,41.162031,2013-07-01 00:26:59
385,12,-8.60787,41.162292,2013-07-01 00:27:14
386,12,-8.61003,41.16258,2013-07-01 00:27:29
387,12,-8.612199,41.162823,2013-07-01 00:27:44
388,12,-8.614602,41.163165,2013-07-01 00:27:59
389,12,-8.617104,41.163498,2013-07-01 00:28:14
390,12,-8.619219,41.163759,2013-07-01 00:28:29
391,12,-8.620488,41.163894,2013-07-01 00:28:44
392,12,-8.62047,41.163903,2013-07-01 00:28:59
393,12,-8.620452,41.163912,2013-07-01 00:29:14
394,12,-8.620452,41.163921,2013-07-01 00:29:29
395,12,-8.621523,41.164038,2013-07-01 00:29:44
396,12,-8.623044,41.164182,2013-07-01 00:29:59
397,12,-8.623026,41.1642,2013-07-01 00:30:14
398,12,-8.623017,41.164218,2013-07-01 00:30:29
399,13,-8.618868,41.155101,2013-07-01 00:09:03
400,13,-8.6175,41.154912,2013-07-01 00:09:18
401,13,-8.615079,41.154525,2013-07-01 00:09:33
402,13,-8.613468,41.154228,2013-07-01 00:09:48
403,13,-8.613261,41.154102,2013-07-01 00:10:03
404,13,-8.613297,41.153832,2013-07-01 00:10:18
405,13,-8.612037,41.153904,2013-07-01 00:10:33
406,13,-8.611929,41.155803,2013-07-01 00:10:48
407,13,-8.610876,41.157171,2013-07-01 00:11:03
408,13,-8.610183,41.157252,2013-07-01 00:11:18
409,13,-8.610138,41.15727,2013-07-01 00:11:33
410,13,-8.609508,41.157369,2013-07-01 00:11:48
411,13,-8.608707,41.158395,2013-07-01 00:12:03
412,13,-8.607915,41.160042,2013-07-01 00:12:18
413,13,-8.607654,41.1606,2013-07-01 00:12:33
414,13,-8.606295,41.164155,2013-07-01 00:12:48
415,13,-8.60643,41.166693,2013-07-01 00:13:03
416,13,-8.60634,41.169123,2013-07-01 00:13:18
417,13,-8.60445,41.171112,2013-07-01 00:13:33
418,13,-8.60121,41.171166,2013-07-01 00:13:48
419,13,-8.597205,41.171625,2013-07-01 00:14:03
420,13,-8.593578,41.170968,2013-07-01 00:14:18
421,13,-8.5905,41.168979,2013-07-01 00:14:33
422,13,-8.587206,41.167062,2013-07-01 00:14:48
423,13,-8.583624,41.166252,2013-07-01 00:15:03
424,13,-8.58213,41.1642,2013-07-01 00:15:18
425,13,-8.58114,41.163381,2013-07-01 00:15:33
426,13,-8.579376,41.164326,2013-07-01 00:15:48
427,13,-8.577468,41.165316,2013-07-01 00:16:03
428,13,-8.576298,41.163858,2013-07-01 00:16:18
429,13,-8.575101,41.16231,2013-07-01 00:16:33
430,13,-8.575065,41.162265,2013-07-01 00:16:48
431,14,-8.608716,41.153499,2013-07-01 00:29:55
432,14,-8.607627,41.153481,2013-07-01 00:30:10
433,14,-8.606502,41.153472,2013-07-01 00:30:25
434,14,-8.606493,41.153472,2013-07-01 00:30:40
435,14,-8.605269,41.153427,2013-07-01 00:30:55
436,14,-8.604756,41.154156,2013-07-01 00:31:10
437,14,-8.604648,41.155623,2013-07-01 00:31:25
438,14,-8.604477,41.157351,2013-07-01 00:31:40
439,14,-8.604279,41.159016,2013-07-01 00:31:55
440,14,-8.604351,41.16015,2013-07-01 00:32:10
441,14,-8.604387,41.160276,2013-07-01 00:32:25
442,14,-8.603892,41.161545,2013-07-01 00:32:40
443,14,-8.60562,41.162085,2013-07-01 00:32:55
444,14,-8.607987,41.162391,2013-07-01 00:33:10
445,14,-8.6103,41.162661,2013-07-01 00:33:25
446,14,-8.610957,41.162751,2013-07-01 00:33:40
447,14,-8.610957,41.162805,2013-07-01 00:33:55
448,14,-8.611965,41.162841,2013-07-01 00:34:10
449,14,-8.614242,41.163129,2013-07-01 00:34:25
450,14,-8.616573,41.16339,2013-07-01 00:34:40
451,14,-8.61894,41.163705,2013-07-01 00:34:55
452,14,-8.621082,41.163993,2013-07-01 00:35:10
453,14,-8.623305,41.164281,2013-07-01 00:35:25
454,14,-8.624889,41.164722,2013-07-01 00:35:40
455,14,-8.625042,41.166513,2013-07-01 00:35:55
456,14,-8.626068,41.166972,2013-07-01 00:36:10
457,14,-8.626554,41.166945,2013-07-01 00:36:25
458,14,-8.628309,41.16744,2013-07-01 00:36:40
459,14,-8.630352,41.168079,2013-07-01 00:36:55
460,14,-8.631639,41.16798,2013-07-01 00:37:10
461,14,-8.631981,41.168484,2013-07-01 00:37:25
462,14,-8.632206,41.16843,2013-07-01 00:37:40
463,14,-8.63271,41.168304,2013-07-01 00:37:55
464,14,-8.632737,41.168295,2013-07-01 00:38:10
465,15,-8.612208,41.14053,2013-07-01 00:22:31
466,15,-8.612235,41.140521,2013-07-01 00:22:46
467,15,-8.614035,41.140323,2013-07-01 00:23:01
468,15,-8.614809,41.14035,2013-07-01 00:23:16
469,15,-8.61561,41.140287,2013-07-01 00:23:31
470,15,-8.616024,41.140467,2013-07-01 00:23:46
471,15,-8.616006,41.140548,2013-07-01 00:24:01
472,15,-8.61462,41.141097,2013-07-01 00:24:16
473,15,-8.614314,41.142393,2013-07-01 00:24:31
474,15,-8.613711,41.143167,2013-07-01 00:24:46
475,15,-8.612811,41.143806,2013-07-01 00:25:01
476,15,-8.611983,41.144436,2013-07-01 00:25:16
477,15,-8.611299,41.144985,2013-07-01 00:25:31
478,15,-8.611056,41.145084,2013-07-01 00:25:46
479,15,-8.610777,41.145921,2013-07-01 00:26:01
480,15,-8.609112,41.146839,2013-07-01 00:26:16
481,15,-8.60886,41.147442,2013-07-01 00:26:31
482,15,-8.610876,41.147955,2013-07-01 00:26:46
483,15,-8.610237,41.149584,2013-07-01 00:27:01
484,15,-8.610066,41.150727,2013-07-01 00:27:16
485,15,-8.609985,41.150898,2013-07-01 00:27:31
486,15,-8.609805,41.151861,2013-07-01 00:27:46
487,15,-8.610003,41.153472,2013-07-01 00:28:01
488,15,-8.609328,41.155056,2013-07-01 00:28:16
489,15,-8.609238,41.156847,2013-07-01 00:28:31
490,15,-8.608401,41.157477,2013-07-01 00:28:46
491,15,-8.607276,41.157657,2013-07-01 00:29:01
492,15,-8.606772,41.15826,2013-07-01 00:29:16
493,16,-8.585145,41.164857,2013-07-01 00:13:30
494,16,-8.584146,41.164704,2013-07-01 00:13:45
495,16,-8.583147,41.164758,2013-07-01 00:14:00
496,16,-8.627931,41.157954,2013-07-01 00:14:15
497,16,-8.628813,41.159106,2013-07-01 00:14:30
498,16,-8.628264,41.160978,2013-07-01 00:14:45
499,16,-8.627589,41.163057,2013-07-01 00:15:00
500,16,-8.627508,41.1633,2013-07-01 00:15:15
501,16,-8.627517,41.1633,2013-07-01 00:15:30
502,16,-8.627184,41.164407,2013-07-01 00:15:45
503,16,-8.628759,41.164947,2013-07-01 00:16:00
504,16,-8.63127,41.164893,2013-07-01 00:16:15
505,16,-8.633736,41.163759,2013-07-01 00:16:30
506,16,-8.63613,41.164254,2013-07-01 00:16:45
507,16,-8.63613,41.164272,2013-07-01 00:17:00
508,16,-8.638209,41.16474,2013-07-01 00:17:15
509,16,-8.640144,41.165658,2013-07-01 00:17:30
510,16,-8.642079,41.16726,2013-07-01 00:17:45
511,16,-8.643915,41.168907,2013-07-01 00:18:00
512,16,-8.606169,41.172093,2013-07-01 00:18:15
513,16,-8.610615,41.174352,2013-07-01 00:18:30
514,16,-8.642412,41.170365,2013-07-01 00:18:45
515,16,-8.643042,41.17041,2013-07-01 00:19:00
516,16,-8.644041,41.169546,2013-07-01 00:19:15
517,16,-8.645868,41.169042,2013-07-01 00:19:30
518,16,-8.647686,41.170482,2013-07-01 00:19:45
519,16,-8.649207,41.169879,2013-07-01 00:20:00
520,16,-8.648784,41.16924,2013-07-01 00:20:15
521,16,-8.648064,41.169384,2013-07-01 00:20:30
522,16,-8.647992,41.16942,2013-07-01 00:20:45
523,16,-8.647992,41.169402,2013-07-01 00:21:00
524,16,-8.647983,41.169393,2013-07-01 00:21:15
525,16,-8.647974,41.169393,2013-07-01 00:21:30
526,16,-8.647983,41.169393,2013-07-01 00:21:45
527,16,-8.647983,41.169393,2013-07-01 00:22:00
528,16,-8.647983,41.169393,2013-07-01 00:22:15
529,16,-8.647983,41.169393,2013-07-01 00:22:30
530,16,-8.647974,41.169393,2013-07-01 00:22:45
531,16,-8.647974,41.169402,2013-07-01 00:23:00
532,16,-8.647983,41.169411,2013-07-01 00:23:15
533,16,-8.647983,41.169411,2013-07-01 00:23:30
534,16,-8.647983,41.169411,2013-07-01 00:23:45
535,16,-8.647983,41.169411,2013-07-01 00:24:00
536,16,-8.647974,41.16942,2013-07-01 00:24:15
537,16,-8.647965,41.169429,2013-07-01 00:24:30
538,16,-8.647965,41.169402,2013-07-01 00:24:45
539,16,-8.648019,41.169537,2013-07-01 00:25:00
540,16,-8.64918,41.169555,2013-07-01 00:25:15
541,16,-8.648199,41.170509,2013-07-01 00:25:30
542,16,-8.646732,41.169708,2013-07-01 00:25:45
543,16,-8.645418,41.169519,2013-07-01 00:26:00
544,16,-8.643618,41.168286,2013-07-01 00:26:15
545,16,-8.641152,41.166306,2013-07-01 00:26:30
546,16,-8.638866,41.164695,2013-07-01 00:26:45
547,16,-8.636139,41.164209,2013-07-01 00:27:00
548,16,-8.633286,41.162976,2013-07-01 00:27:15
549,16,-8.632593,41.162049,2013-07-01 00:27:30
550,16,-8.631009,41.160069,2013-07-01 00:27:45
551,16,-8.630145,41.15826,2013-07-01 00:28:00
552,16,-8.629299,41.156955,2013-07-01 00:28:15
553,16,-8.628138,41.157261,2013-07-01 00:28:30
554,16,-8.628138,41.157405,2013-07-01 00:28:45
555,16,-8.628165,41.157522,2013-07-01 00:29:00
556,16,-8.628147,41.157522,2013-07-01 00:29:15
557,17,-8.584263,41.163156,2013-07-01 00:28:01
558,17,-8.584695,41.163003,2013-07-01 00:28:16
559,17,-8.585595,41.162652,2013-07-01 00:28:31
560,17,-8.585487,41.161437,2013-07-01 00:28:46
561,17,-8.583561,41.160276,2013-07-01 00:29:01
562,17,-8.582319,41.160519,2013-07-01 00:29:16
563,17,-8.581995,41.161851,2013-07-01 00:29:31
564,17,-8.582769,41.163354,2013-07-01 00:29:46
565,17,-8.581032,41.163516,2013-07-01 00:30:01
566,17,-8.582265,41.165226,2013-07-01 00:30:16
567,17,-8.584803,41.166693,2013-07-01 00:30:31
568,17,-8.588295,41.167845,2013-07-01 00:30:46
569,17,-8.591805,41.169924,2013-07-01 00:31:01
570,17,-8.595045,41.171877,2013-07-01 00:31:16
571,17,-8.599203,41.1714,2013-07-01 00:31:31
572,17,-8.603586,41.171562,2013-07-01 00:31:46
573,17,-8.607474,41.173002,2013-07-01 00:32:01
574,17,-8.610966,41.174442,2013-07-01 00:32:16
575,17,-8.614827,41.174388,2013-07-01 00:32:31
576,17,-8.618922,41.173857,2013-07-01 00:32:46
577,17,-8.622918,41.173443,2013-07-01 00:33:01
578,17,-8.627103,41.173029,2013-07-01 00:33:16
579,17,-8.63118,41.172264,2013-07-01 00:33:31
580,17,-8.63532,41.171373,2013-07-01 00:33:46
581,17,-8.639154,41.169465,2013-07-01 00:34:01
582,17,-8.64261,41.166945,2013-07-01 00:34:16
583,17,-8.646489,41.164947,2013-07-01 00:34:31
584,17,-8.649405,41.162238,2013-07-01 00:34:46
585,17,-8.647623,41.158593,2013-07-01 00:35:01
586,17,-8.645337,41.154903,2013-07-01 00:35:16
587,17,-8.642835,41.151753,2013-07-01 00:35:31
588,17,-8.640729,41.148756,2013-07-01 00:35:46
589,17,-8.639946,41.145462,2013-07-01 00:36:01
590,17,-8.640315,41.143167,2013-07-01 00:36:16
591,17,-8.641503,41.142555,2013-07-01 00:36:31
592,17,-8.641755,41.141934,2013-07-01 00:36:46
593,17,-8.640414,41.141583,2013-07-01 00:37:01
594,17,-8.639649,41.141538,2013-07-01 00:37:16
595,17,-8.639667,41.141529,2013-07-01 00:37:31
596,17,-8.63964,41.141538,2013-07-01 00:37:46
597,17,-8.639694,41.141619,2013-07-01 00:38:01
598,17,-8.639703,41.141619,2013-07-01 00:38:16
599,17,-8.63973,41.141601,2013-07-01 00:38:31
600,17,-8.639739,41.141592,2013-07-01 00:38:46
601,17,-8.639748,41.141565,2013-07-01 00:39:01
602,17,-8.639739,41.141565,2013-07-01 00:39:16
603,17,-8.639721,41.141565,2013-07-01 00:39:31
604,17,-8.639712,41.141574,2013-07-01 00:39:46
605,17,-8.639721,41.141574,2013-07-01 00:40:01
606,17,-8.639739,41.141565,2013-07-01 00:40:16
607,17,-8.639757,41.141556,2013-07-01 00:40:31
608,17,-8.639757,41.141556,2013-07-01 00:40:46
609,17,-8.63973,41.141574,2013-07-01 00:41:01
610,17,-8.639721,41.141565,2013-07-01 00:41:16
611,17,-8.63973,41.141547,2013-07-01 00:41:31
612,17,-8.639739,41.141547,2013-07-01 00:41:46
613,17,-8.639721,41.141556,2013-07-01 00:42:01
614,17,-8.639712,41.141556,2013-07-01 00:42:16
615,17,-8.639712,41.141556,2013-07-01 00:42:31
616,17,-8.639703,41.141556,2013-07-01 00:42:46
617,17,-8.639685,41.141583,2013-07-01 00:43:01
618,17,-8.63964,41.141637,2013-07-01 00:43:16
619,17,-8.639973,41.141673,2013-07-01 00:43:31
620,17,-8.641134,41.141835,2013-07-01 00:43:46
621,17,-8.641566,41.142672,2013-07-01 00:44:01
622,18,-8.666757,41.174055,2013-07-01 00:38:55
623,18,-8.666784,41.174064,2013-07-01 00:39:10
624,18,-8.666649,41.174073,2013-07-01 00:39:25
625,18,-8.666325,41.174847,2013-07-01 00:39:40
626,18,-8.666811,41.175549,2013-07-01 00:39:55
627,18,-8.665524,41.176368,2013-07-01 00:40:10
628,18,-8.663841,41.17716,2013-07-01 00:40:25
629,18,-8.663013,41.177862,2013-07-01 00:40:40
630,18,-8.662032,41.176872,2013-07-01 00:40:55
631,18,-8.65962,41.17707,2013-07-01 00:41:10
632,18,-8.657757,41.177457,2013-07-01 00:41:25
633,18,-8.658576,41.178546,2013-07-01 00:41:40
634,18,-8.659521,41.17977,2013-07-01 00:41:55
635,18,-8.660709,41.180166,2013-07-01 00:42:10
636,18,-8.662806,41.180562,2013-07-01 00:42:25
637,18,-8.663193,41.181219,2013-07-01 00:42:40
638,18,-8.662491,41.181642,2013-07-01 00:42:55
639,18,-8.662554,41.181714,2013-07-01 00:43:10
640,18,-8.662554,41.181714,2013-07-01 00:43:25
641,19,-8.599239,41.149188,2013-07-01 00:11:22
642,19,-8.598681,41.149296,2013-07-01 00:11:37
643,19,-8.597943,41.150583,2013-07-01 00:11:52
644,19,-8.596962,41.152266,2013-07-01 00:12:07
645,19,-8.595765,41.154345,2013-07-01 00:12:22
646,19,-8.594388,41.156739,2013-07-01 00:12:37
647,19,-8.59293,41.159286,2013-07-01 00:12:52
648,19,-8.591589,41.161464,2013-07-01 00:13:07
649,19,-8.59005,41.163336,2013-07-01 00:13:22
650,19,-8.589078,41.164632,2013-07-01 00:13:37
651,19,-8.588673,41.165757,2013-07-01 00:13:52
652,19,-8.588547,41.166135,2013-07-01 00:14:07
653,19,-8.587602,41.168196,2013-07-01 00:14:22
654,19,-8.586585,41.168826,2013-07-01 00:14:37
655,19,-8.584767,41.168529,2013-07-01 00:14:52
656,19,-8.584317,41.169258,2013-07-01 00:15:07
657,19,-8.584326,41.169258,2013-07-01 00:15:22
658,20,-8.643807,41.168979,2013-07-01 00:39:41
659,20,-8.642529,41.170113,2013-07-01 00:39:56
660,20,-8.642133,41.171202,2013-07-01 00:40:11
661,20,-8.64324,41.172723,2013-07-01 00:40:26
662,20,-8.644788,41.173947,2013-07-01 00:40:41
663,20,-8.646534,41.175558,2013-07-01 00:40:56
664,20,-8.648829,41.177367,2013-07-01 00:41:11
665,20,-8.649828,41.17824,2013-07-01 00:41:26
666,20,-8.647911,41.1786,2013-07-01 00:41:41
667,21,-8.609706,41.151303,2013-07-01 00:22:41
668,21,-8.609562,41.151474,2013-07-01 00:22:56
669,21,-8.610021,41.152509,2013-07-01 00:23:11
670,21,-8.609769,41.153409,2013-07-01 00:23:26
671,21,-8.609355,41.153535,2013-07-01 00:23:41
672,21,-8.610732,41.153688,2013-07-01 00:23:56
673,21,-8.611893,41.154345,2013-07-01 00:24:11
674,21,-8.612784,41.155164,2013-07-01 00:24:26
675,21,-8.614989,41.155425,2013-07-01 00:24:41
676,21,-8.61813,41.155704,2013-07-01 00:24:56
677,21,-8.619606,41.156478,2013-07-01 00:25:11
678,21,-8.619777,41.157954,2013-07-01 00:25:26
679,21,-8.620497,41.159412,2013-07-01 00:25:41
680,21,-8.621163,41.160357,2013-07-01 00:25:56
681,21,-8.621064,41.16114,2013-07-01 00:26:11
682,22,-8.660646,41.168574,2013-07-01 00:07:34
683,22,-8.661087,41.167926,2013-07-01 00:07:49
684,22,-8.661231,41.166576,2013-07-01 00:08:04
685,22,-8.660637,41.166396,2013-07-01 00:08:19
686,22,-8.660295,41.166819,2013-07-01 00:08:34
687,22,-8.658954,41.168394,2013-07-01 00:08:49
688,22,-8.657649,41.169906,2013-07-01 00:09:04
689,22,-8.656371,41.171454,2013-07-01 00:09:19
690,22,-8.654706,41.173479,2013-07-01 00:09:34
691,22,-8.653014,41.17527,2013-07-01 00:09:49
692,22,-8.651349,41.17644,2013-07-01 00:10:04
693,22,-8.652213,41.177241,2013-07-01 00:10:19
694,22,-8.651358,41.178069,2013-07-01 00:10:34
695,22,-8.65071,41.178924,2013-07-01 00:10:49
696,22,-8.65125,41.17968,2013-07-01 00:11:04
697,22,-8.649648,41.180643,2013-07-01 00:11:19
698,22,-8.647515,41.18193,2013-07-01 00:11:34
699,22,-8.644491,41.183541,2013-07-01 00:11:49
700,22,-8.641701,41.184108,2013-07-01 00:12:04
701,22,-8.638677,41.182452,2013-07-01 00:12:19
702,22,-8.635284,41.180589,2013-07-01 00:12:34
703,22,-8.632476,41.179104,2013-07-01 00:12:49
704,22,-8.629983,41.179365,2013-07-01 00:13:04
705,22,-8.629857,41.179374,2013-07-01 00:13:19
706,22,-8.629857,41.179374,2013-07-01 00:13:34
707,22,-8.629263,41.179437,2013-07-01 00:13:49
708,22,-8.625996,41.179779,2013-07-01 00:14:04
709,22,-8.622018,41.180463,2013-07-01 00:14:19
710,22,-8.61885,41.181912,2013-07-01 00:14:34
711,22,-8.617077,41.182821,2013-07-01 00:14:49
712,22,-8.614215,41.183082,2013-07-01 00:15:04
713,22,-8.613675,41.183136,2013-07-01 00:15:19
714,22,-8.613702,41.183145,2013-07-01 00:15:34
715,22,-8.613288,41.18319,2013-07-01 00:15:49
716,22,-8.610813,41.184,2013-07-01 00:16:04
717,22,-8.607474,41.184648,2013-07-01 00:16:19
718,22,-8.604018,41.183892,2013-07-01 00:16:34
719,22,-8.601768,41.183253,2013-07-01 00:16:49
720,22,-8.601588,41.182632,2013-07-01 00:17:04
721,22,-8.601957,41.181831,2013-07-01 00:17:19
722,22,-8.601903,41.181795,2013-07-01 00:17:34
723,22,-8.601948,41.181822,2013-07-01 00:17:49
724,22,-8.601894,41.181813,2013-07-01 00:18:04
725,23,-8.612955,41.140377,2013-07-01 00:28:22
726,23,-8.612991,41.140359,2013-07-01 00:28:37
727,23,-8.61309,41.140368,2013-07-01 00:28:52
728,23,-8.613297,41.14035,2013-07-01 00:29:07
729,23,-8.614512,41.140269,2013-07-01 00:29:22
730,23,-8.615358,41.140215,2013-07-01 00:29:37
731,23,-8.615988,41.140422,2013-07-01 00:29:52
732,23,-8.615556,41.140701,2013-07-01 00:30:07
733,23,-8.614548,41.14116,2013-07-01 00:30:22
734,23,-8.614269,41.142285,2013-07-01 00:30:37
735,23,-8.61372,41.143032,2013-07-01 00:30:52
736,23,-8.612631,41.143932,2013-07-01 00:31:07
737,23,-8.61174,41.14458,2013-07-01 00:31:22
738,23,-8.611461,41.144787,2013-07-01 00:31:37
739,23,-8.611488,41.144787,2013-07-01 00:31:52
740,23,-8.611434,41.144796,2013-07-01 00:32:07
741,23,-8.611308,41.144886,2013-07-01 00:32:22
742,23,-8.610615,41.144103,2013-07-01 00:32:37
743,23,-8.609715,41.143158,2013-07-01 00:32:52
744,23,-8.608599,41.143149,2013-07-01 00:33:07
745,23,-8.608581,41.143167,2013-07-01 00:33:22
746,23,-8.608563,41.143158,2013-07-01 00:33:37
747,23,-8.60733,41.142501,2013-07-01 00:33:52
748,23,-8.605224,41.143338,2013-07-01 00:34:07
749,23,-8.604468,41.145084,2013-07-01 00:34:22
750,23,-8.604405,41.145192,2013-07-01 00:34:37
751,23,-8.603703,41.145444,2013-07-01 00:34:52
752,23,-8.603307,41.145525,2013-07-01 00:35:07
753,23,-8.602038,41.145687,2013-07-01 00:35:22
754,23,-8.602011,41.145678,2013-07-01 00:35:37
755,23,-8.60193,41.146875,2013-07-01 00:35:52
756,23,-8.602074,41.149197,2013-07-01 00:36:07
757,23,-8.602317,41.151816,2013-07-01 00:36:22
758,23,-8.602452,41.154129,2013-07-01 00:36:37
759,23,-8.60247,41.15592,2013-07-01 00:36:52
760,24,-8.60418,41.160969,2013-07-01 00:52:40
761,24,-8.603874,41.1615,2013-07-01 00:52:55
762,24,-8.60391,41.161527,2013-07-01 00:53:10
763,24,-8.603919,41.162022,2013-07-01 00:53:25
764,24,-8.602614,41.163039,2013-07-01 00:53:40
765,24,-8.601309,41.163993,2013-07-01 00:53:55
766,24,-8.599842,41.165109,2013-07-01 00:54:10
767,24,-8.596854,41.166306,2013-07-01 00:54:25
768,24,-8.593794,41.167197,2013-07-01 00:54:40
769,24,-8.591913,41.168169,2013-07-01 00:54:55
770,24,-8.589654,41.169492,2013-07-01 00:55:10
771,24,-8.588241,41.169438,2013-07-01 00:55:25
772,24,-8.5869,41.168871,2013-07-01 00:55:40
773,24,-8.584848,41.168502,2013-07-01 00:55:55
774,24,-8.58285,41.168331,2013-07-01 00:56:10
775,24,-8.58123,41.168493,2013-07-01 00:56:25
776,24,-8.579907,41.168169,2013-07-01 00:56:40
777,24,-8.579772,41.167881,2013-07-01 00:56:55
778,24,-8.579781,41.167881,2013-07-01 00:57:10
779,24,-8.579763,41.167899,2013-07-01 00:57:25
780,25,-8.665686,41.170626,2013-07-01 00:14:18
781,25,-8.665677,41.170653,2013-07-01 00:14:33
782,25,-8.664786,41.171319,2013-07-01 00:14:48
783,25,-8.663238,41.172453,2013-07-01 00:15:03
784,25,-8.66205,41.173875,2013-07-01 00:15:18
785,25,-8.662248,41.175378,2013-07-01 00:15:33
786,25,-8.663733,41.176413,2013-07-01 00:15:48
787,25,-8.663751,41.17725,2013-07-01 00:16:03
788,25,-8.663229,41.177754,2013-07-01 00:16:18
789,25,-8.66322,41.177763,2013-07-01 00:16:33
790,25,-8.66322,41.177763,2013-07-01 00:16:48
791,25,-8.662986,41.17779,2013-07-01 00:17:03
792,25,-8.661771,41.176773,2013-07-01 00:17:18
793,25,-8.6589,41.177169,2013-07-01 00:17:33
794,25,-8.656083,41.177772,2013-07-01 00:17:48
795,25,-8.65512,41.177898,2013-07-01 00:18:03
796,25,-8.653248,41.178708,2013-07-01 00:18:18
797,25,-8.652699,41.180409,2013-07-01 00:18:33
798,25,-8.653203,41.182677,2013-07-01 00:18:48
799,25,-8.653302,41.183631,2013-07-01 00:19:03
800,25,-8.653806,41.185359,2013-07-01 00:19:18
801,25,-8.654166,41.18697,2013-07-01 00:19:33
802,25,-8.654328,41.187816,2013-07-01 00:19:48
803,25,-8.654337,41.187816,2013-07-01 00:20:03
804,25,-8.654337,41.187816,2013-07-01 00:20:18
805,25,-8.654337,41.187816,2013-07-01 00:20:33
806,26,-8.632737,41.168295,2013-07-01 00:38:12
807,26,-8.6328,41.16825,2013-07-01 00:38:27
808,26,-8.632845,41.168205,2013-07-01 00:38:42
809,26,-8.632836,41.168178,2013-07-01 00:38:57
810,26,-8.632818,41.168187,2013-07-01 00:39:12
811,26,-8.632827,41.168187,2013-07-01 00:39:27
812,26,-8.6328,41.168223,2013-07-01 00:39:42
813,26,-8.6328,41.168232,2013-07-01 00:39:57
814,27,-8.648226,41.148333,2013-07-01 00:45:35
815,27,-8.648514,41.148297,2013-07-01 00:45:50
816,27,-8.648784,41.148153,2013-07-01 00:46:05
817,27,-8.650827,41.148045,2013-07-01 00:46:20
818,27,-8.653158,41.14836,2013-07-01 00:46:35
819,27,-8.652906,41.149206,2013-07-01 00:46:50
820,27,-8.651799,41.150313,2013-07-01 00:47:05
821,27,-8.649999,41.151096,2013-07-01 00:47:20
822,27,-8.649216,41.152311,2013-07-01 00:47:35
823,27,-8.648469,41.153481,2013-07-01 00:47:50
824,27,-8.648379,41.154021,2013-07-01 00:48:05
825,27,-8.648325,41.154003,2013-07-01 00:48:20
826,27,-8.648217,41.154282,2013-07-01 00:48:35
827,27,-8.648379,41.15583,2013-07-01 00:48:50
828,27,-8.649252,41.15799,2013-07-01 00:49:05
829,27,-8.648298,41.159079,2013-07-01 00:49:20
830,27,-8.646435,41.157216,2013-07-01 00:49:35
831,27,-8.645202,41.154507,2013-07-01 00:49:50
832,27,-8.643042,41.151915,2013-07-01 00:50:05
833,27,-8.64081,41.149269,2013-07-01 00:50:20
834,27,-8.640081,41.146272,2013-07-01 00:50:35
835,27,-8.639361,41.143248,2013-07-01 00:50:50
836,27,-8.637804,41.139909,2013-07-01 00:51:05
837,27,-8.635545,41.136462,2013-07-01 00:51:20
838,27,-8.635527,41.132709,2013-07-01 00:51:35
839,27,-8.635734,41.128938,2013-07-01 00:51:50
840,27,-8.635923,41.125068,2013-07-01 00:52:05
841,27,-8.635932,41.121423,2013-07-01 00:52:20
842,27,-8.633367,41.118444,2013-07-01 00:52:35
843,27,-8.629821,41.116266,2013-07-01 00:52:50
844,27,-8.625753,41.114943,2013-07-01 00:53:05
845,27,-8.621631,41.114034,2013-07-01 00:53:20
846,27,-8.617509,41.113116,2013-07-01 00:53:35
847,27,-8.613279,41.112171,2013-07-01 00:53:50
848,27,-8.609193,41.111145,2013-07-01 00:54:05
849,27,-8.606043,41.109264,2013-07-01 00:54:20
850,27,-8.60544,41.107716,2013-07-01 00:54:35
851,27,-8.607006,41.10939,2013-07-01 00:54:50
852,27,-8.606826,41.112243,2013-07-01 00:55:05
853,27,-8.606511,41.114583,2013-07-01 00:55:20
854,27,-8.606412,41.115573,2013-07-01 00:55:35
855,27,-8.604612,41.114997,2013-07-01 00:55:50
856,27,-8.602425,41.113944,2013-07-01 00:56:05
857,27,-8.600382,41.112477,2013-07-01 00:56:20
858,27,-8.598555,41.111037,2013-07-01 00:56:35
859,27,-8.597034,41.109201,2013-07-01 00:56:50
860,27,-8.594532,41.108238,2013-07-01 00:57:05
861,27,-8.592435,41.106591,2013-07-01 00:57:20
862,27,-8.590392,41.104881,2013-07-01 00:57:35
863,27,-8.588709,41.103477,2013-07-01 00:57:50
864,27,-8.589627,41.102469,2013-07-01 00:58:05
865,27,-8.589204,41.101308,2013-07-01 00:58:20
866,27,-8.589816,41.100174,2013-07-01 00:58:35
867,27,-8.589087,41.098824,2013-07-01 00:58:50
868,27,-8.587728,41.097942,2013-07-01 00:59:05
869,27,-8.588178,41.097276,2013-07-01 00:59:20
870,27,-8.58825,41.097357,2013-07-01 00:59:35
871,28,-8.638227,41.159592,2013-07-01 01:01:39
872,28,-8.637543,41.15925,2013-07-01 01:01:54
873,28,-8.635158,41.158881,2013-07-01 01:02:09
874,28,-8.633196,41.158926,2013-07-01 01:02:24
875,28,-8.632728,41.160276,2013-07-01 01:02:39
876,28,-8.633052,41.161095,2013-07-01 01:02:54
877,28,-8.632656,41.161842,2013-07-01 01:03:09
878,28,-8.632593,41.161806,2013-07-01 01:03:24
879,28,-8.631315,41.162598,2013-07-01 01:03:39
880,28,-8.629092,41.163597,2013-07-01 01:03:54
881,28,-8.626662,41.163471,2013-07-01 01:04:09
882,28,-8.624799,41.163354,2013-07-01 01:04:24
883,28,-8.622864,41.16303,2013-07-01 01:04:39
884,28,-8.620425,41.162724,2013-07-01 01:04:54
885,28,-8.617752,41.16249,2013-07-01 01:05:09
886,28,-8.61525,41.162202,2013-07-01 01:05:24
887,28,-8.612811,41.161905,2013-07-01 01:05:39
888,28,-8.611299,41.161707,2013-07-01 01:05:54
889,28,-8.609742,41.1615,2013-07-01 01:06:09
890,28,-8.60994,41.160105,2013-07-01 01:06:24
891,28,-8.610075,41.158242,2013-07-01 01:06:39
892,28,-8.610003,41.156145,2013-07-01 01:06:54
893,28,-8.610084,41.15412,2013-07-01 01:07:09
894,28,-8.610075,41.152455,2013-07-01 01:07:24
895,28,-8.610714,41.15106,2013-07-01 01:07:39
896,28,-8.611335,41.150331,2013-07-01 01:07:54
897,28,-8.611524,41.150367,2013-07-01 01:08:09
898,28,-8.61156,41.150403,2013-07-01 01:08:24
899,28,-8.611596,41.150439,2013-07-01 01:08:39
900,29,-8.613243,41.154444,2013-07-01 00:47:15
901,29,-8.612811,41.153733,2013-07-01 00:47:30
902,29,-8.611965,41.154642,2013-07-01 00:47:45
903,29,-8.61192,41.156667,2013-07-01 00:48:00
904,29,-8.612541,41.157324,2013-07-01 00:48:15
905,29,-8.612073,41.158701,2013-07-01 00:48:30
906,29,-8.611605,41.160429,2013-07-01 00:48:45
907,29,-8.611371,41.161581,2013-07-01 00:49:00
908,29,-8.611236,41.162292,2013-07-01 00:49:15
909,29,-8.611011,41.164092,2013-07-01 00:49:30
910,29,-8.611011,41.164434,2013-07-01 00:49:45
911,29,-8.61102,41.164902,2013-07-01 00:50:00
912,29,-8.61147,41.166378,2013-07-01 00:50:15
913,29,-8.612946,41.166585,2013-07-01 00:50:30
914,29,-8.613324,41.166945,2013-07-01 00:50:45
915,29,-8.613333,41.166909,2013-07-01 00:51:00
916,29,-8.613351,41.1669,2013-07-01 00:51:15
917,29,-8.613315,41.166891,2013-07-01 00:51:30
918,30,-8.611065,41.149431,2013-07-01 01:02:35
919,30,-8.611209,41.149368,2013-07-01 01:02:50
920,30,-8.611236,41.148243,2013-07-01 01:03:05
921,30,-8.611794,41.147901,2013-07-01 01:03:20
922,30,-8.612937,41.148207,2013-07-01 01:03:35
923,30,-8.620308,41.147469,2013-07-01 01:03:50
924,30,-8.620353,41.147352,2013-07-01 01:04:05
925,30,-8.620119,41.146893,2013-07-01 01:04:20
926,30,-8.620002,41.146812,2013-07-01 01:04:35
927,30,-8.619993,41.146839,2013-07-01 01:04:50
928,30,-8.619993,41.146839,2013-07-01 01:05:05
929,31,-8.611101,41.16285,2013-07-01 00:51:11
930,31,-8.61111,41.162976,2013-07-01 00:51:26
931,31,-8.61102,41.164443,2013-07-01 00:51:41
932,31,-8.609157,41.164479,2013-07-01 00:51:56
933,31,-8.606592,41.164362,2013-07-01 00:52:11
934,31,-8.606259,41.164785,2013-07-01 00:52:26
935,31,-8.605116,41.165433,2013-07-01 00:52:41
936,31,-8.602623,41.165334,2013-07-01 00:52:56
937,31,-8.601768,41.164029,2013-07-01 00:53:11
938,31,-8.601723,41.163903,2013-07-01 00:53:26
939,31,-8.600661,41.164551,2013-07-01 00:53:41
940,31,-8.598798,41.165586,2013-07-01 00:53:56
941,31,-8.598375,41.165793,2013-07-01 00:54:11
942,31,-8.595855,41.166621,2013-07-01 00:54:26
943,31,-8.593371,41.167386,2013-07-01 00:54:41
944,31,-8.591904,41.168169,2013-07-01 00:54:56
945,31,-8.591931,41.168178,2013-07-01 00:55:11
946,31,-8.59194,41.168187,2013-07-01 00:55:26
947,32,-8.600067,41.182704,2013-07-01 00:51:15
948,32,-8.600085,41.182785,2013-07-01 00:51:30
949,32,-8.598195,41.182263,2013-07-01 00:51:45
950,32,-8.597601,41.181345,2013-07-01 00:52:00
951,32,-8.598618,41.179212,2013-07-01 00:52:15
952,32,-8.599707,41.17707,2013-07-01 00:52:30
953,32,-8.599995,41.174991,2013-07-01 00:52:45
954,32,-8.601057,41.173848,2013-07-01 00:53:00
955,32,-8.603424,41.173704,2013-07-01 00:53:15
956,32,-8.605692,41.173722,2013-07-01 00:53:30
957,32,-8.605683,41.173722,2013-07-01 00:53:45
958,32,-8.605683,41.173722,2013-07-01 00:54:00
959,32,-8.605665,41.173722,2013-07-01 00:54:15
960,32,-8.605665,41.173722,2013-07-01 00:54:30
961,32,-8.605431,41.172777,2013-07-01 00:54:45
962,32,-8.604441,41.171607,2013-07-01 00:55:00
963,32,-8.605872,41.169825,2013-07-01 00:55:15
964,32,-8.606547,41.167575,2013-07-01 00:55:30
965,32,-8.606583,41.16663,2013-07-01 00:55:45
966,32,-8.606574,41.166594,2013-07-01 00:56:00
967,32,-8.607537,41.166252,2013-07-01 00:56:15
968,32,-8.608374,41.165613,2013-07-01 00:56:30
969,32,-8.608527,41.164542,2013-07-01 00:56:45
970,32,-8.608761,41.16357,2013-07-01 00:57:00
971,32,-8.609175,41.162562,2013-07-01 00:57:15
972,32,-8.609175,41.162571,2013-07-01 00:57:30
973,32,-8.609517,41.161617,2013-07-01 00:57:45
974,32,-8.60976,41.161023,2013-07-01 00:58:00
975,32,-8.609958,41.158773,2013-07-01 00:58:15
976,32,-8.610012,41.156118,2013-07-01 00:58:30
977,32,-8.61012,41.153778,2013-07-01 00:58:45
978,32,-8.610237,41.151816,2013-07-01 00:59:00
979,32,-8.610975,41.15034,2013-07-01 00:59:15
980,32,-8.611596,41.149125,2013-07-01 00:59:30
981,32,-8.612217,41.148252,2013-07-01 00:59:45
982,32,-8.612226,41.148144,2013-07-01 01:00:00
983,32,-8.612298,41.148072,2013-07-01 01:00:15
984,32,-8.612451,41.147991,2013-07-01 01:00:30
985,32,-8.612478,41.147991,2013-07-01 01:00:45
986,32,-8.613216,41.148252,2013-07-01 01:01:00
987,32,-8.620362,41.14737,2013-07-01 01:01:15
988,32,-8.620353,41.147325,2013-07-01 01:01:30
989,32,-8.620344,41.14728,2013-07-01 01:01:45
990,32,-8.620344,41.147271,2013-07-01 01:02:00
991,32,-8.620371,41.147199,2013-07-01 01:02:15
992,33,-8.610948,41.150529,2013-07-01 00:10:53
993,33,-8.611164,41.150502,2013-07-01 00:11:08
994,33,-8.612469,41.150259,2013-07-01 00:11:23
995,33,-8.613855,41.150025,2013-07-01 00:11:38
996,33,-8.614755,41.150376,2013-07-01 00:11:53
997,33,-8.614548,41.151555,2013-07-01 00:12:08
998,33,-8.613801,41.151852,2013-07-01 00:12:23
999,33,-8.613522,41.153085,2013-07-01 00:12:38
1000,33,-8.613387,41.153652,2013-07-01 00:12:53
1001,33,-8.613378,41.15367,2013-07-01 00:13:08
1002,33,-8.613333,41.153706,2013-07-01 00:13:23
1003,33,-8.612001,41.153994,2013-07-01 00:13:38
1004,33,-8.611893,41.155965,2013-07-01 00:13:53
1005,33,-8.610444,41.157288,2013-07-01 00:14:08
1006,33,-8.60877,41.158296,2013-07-01 00:14:23
1007,33,-8.607951,41.159961,2013-07-01 00:14:38
1008,33,-8.606826,41.162364,2013-07-01 00:14:53
1009,33,-8.606412,41.165424,2013-07-01 00:15:08
1010,33,-8.606466,41.168619,2013-07-01 00:15:23
1011,33,-8.604639,41.17131,2013-07-01 00:15:38
1012,33,-8.60535,41.173164,2013-07-01 00:15:53
1013,33,-8.606349,41.174712,2013-07-01 00:16:08
1014,33,-8.608338,41.175441,2013-07-01 00:16:23
1015,33,-8.60787,41.176989,2013-07-01 00:16:38
1016,33,-8.609238,41.177538,2013-07-01 00:16:53
1017,33,-8.609328,41.179302,2013-07-01 00:17:08
1018,33,-8.610561,41.180004,2013-07-01 00:17:23
1019,33,-8.611461,41.180913,2013-07-01 00:17:38
1020,33,-8.611443,41.181768,2013-07-01 00:17:53
1021,33,-8.612406,41.182119,2013-07-01 00:18:08
1022,33,-8.612424,41.182128,2013-07-01 00:18:23
1023,33,-8.612415,41.182137,2013-07-01 00:18:38
1024,33,-8.612415,41.182119,2013-07-01 00:18:53
1025,33,-8.612442,41.182065,2013-07-01 00:19:08
1026,33,-8.612451,41.182011,2013-07-01 00:19:23
1027,33,-8.61246,41.181993,2013-07-01 00:19:38
1028,33,-8.61246,41.181966,2013-07-01 00:19:53
1029,33,-8.612748,41.182056,2013-07-01 00:20:08
1030,34,-8.609967,41.140827,2013-07-01 00:59:59
1031,34,-8.609337,41.139567,2013-07-01 01:00:14
1032,34,-8.609841,41.138883,2013-07-01 01:00:29
1033,34,-8.612379,41.13801,2013-07-01 01:00:44
1034,34,-8.615349,41.137299,2013-07-01 01:00:59
1035,34,-8.617932,41.136912,2013-07-01 01:01:14
1036,34,-8.618346,41.135562,2013-07-01 01:01:29
1037,34,-8.618004,41.13279,2013-07-01 01:01:44
1038,34,-8.618058,41.131314,2013-07-01 01:01:59
1039,34,-8.620002,41.131278,2013-07-01 01:02:14
1040,34,-8.622081,41.131089,2013-07-01 01:02:29
1041,34,-8.623287,41.129649,2013-07-01 01:02:44
1042,34,-8.624277,41.129829,2013-07-01 01:02:59
1043,34,-8.625339,41.130306,2013-07-01 01:03:14
1044,34,-8.626716,41.130324,2013-07-01 01:03:29
1045,34,-8.627058,41.129046,2013-07-01 01:03:44
1046,34,-8.628543,41.127588,2013-07-01 01:03:59
1047,34,-8.629209,41.127111,2013-07-01 01:04:14
1048,34,-8.629191,41.12712,2013-07-01 01:04:29
1049,34,-8.629218,41.127102,2013-07-01 01:04:44
1050,34,-8.630604,41.126328,2013-07-01 01:04:59
1051,34,-8.632467,41.126049,2013-07-01 01:05:14
1052,34,-8.634033,41.126229,2013-07-01 01:05:29
1053,34,-8.636121,41.125797,2013-07-01 01:05:44
1054,34,-8.637849,41.126886,2013-07-01 01:05:59
1055,34,-8.639208,41.127552,2013-07-01 01:06:14
1056,34,-8.641197,41.128083,2013-07-01 01:06:29
1057,34,-8.643195,41.129055,2013-07-01 01:06:44
1058,34,-8.644203,41.129532,2013-07-01 01:06:59
1059,34,-8.644212,41.129514,2013-07-01 01:07:14
1060,34,-8.64459,41.130747,2013-07-01 01:07:29
1061,34,-8.64351,41.131125,2013-07-01 01:07:44
1062,34,-8.642871,41.132313,2013-07-01 01:07:59
1063,34,-8.642133,41.132043,2013-07-01 01:08:14
1064,34,-8.642133,41.131998,2013-07-01 01:08:29
1065,34,-8.641998,41.131953,2013-07-01 01:08:44
1066,35,-8.611389,41.150439,2013-07-01 00:45:58
1067,35,-8.612019,41.150295,2013-07-01 00:46:13
1068,35,-8.613369,41.150007,2013-07-01 00:46:28
1069,35,-8.614782,41.150025,2013-07-01 00:46:43
1070,35,-8.614656,41.151213,2013-07-01 00:46:58
1071,35,-8.61381,41.151807,2013-07-01 00:47:13
1072,35,-8.613522,41.153094,2013-07-01 00:47:28
1073,35,-8.612397,41.153742,2013-07-01 00:47:43
1074,35,-8.611965,41.155155,2013-07-01 00:47:58
1075,35,-8.612271,41.15682,2013-07-01 00:48:13
1076,35,-8.612199,41.158125,2013-07-01 00:48:28
1077,35,-8.611749,41.159934,2013-07-01 00:48:43
1078,35,-8.611452,41.161374,2013-07-01 00:48:58
1079,35,-8.611344,41.161779,2013-07-01 00:49:13
1080,35,-8.611785,41.162787,2013-07-01 00:49:28
1081,35,-8.614116,41.163057,2013-07-01 00:49:43
1082,35,-8.614854,41.163147,2013-07-01 00:49:58
1083,36,-8.639838,41.159799,2013-07-01 00:50:48
1084,36,-8.639901,41.159772,2013-07-01 00:51:03
1085,36,-8.640315,41.159808,2013-07-01 00:51:18
1086,36,-8.640342,41.159826,2013-07-01 00:51:33
1087,36,-8.640729,41.159403,2013-07-01 00:51:48
1088,36,-8.641314,41.15754,2013-07-01 00:52:03
1089,36,-8.641926,41.155533,2013-07-01 00:52:18
1090,36,-8.642358,41.154255,2013-07-01 00:52:33
1091,36,-8.642385,41.154138,2013-07-01 00:52:48
1092,36,-8.640243,41.153436,2013-07-01 00:53:03
1093,36,-8.636724,41.152617,2013-07-01 00:53:18
1094,36,-8.634429,41.152194,2013-07-01 00:53:33
1095,36,-8.634942,41.151123,2013-07-01 00:53:48
1096,36,-8.63784,41.150259,2013-07-01 00:54:03
1097,36,-8.641854,41.149314,2013-07-01 00:54:18
1098,36,-8.64468,41.15124,2013-07-01 00:54:33
1099,36,-8.642016,41.151231,2013-07-01 00:54:48
1100,36,-8.640486,41.147937,2013-07-01 00:55:03
1101,36,-8.639496,41.14377,2013-07-01 00:55:18
1102,36,-8.637399,41.13945,2013-07-01 00:55:33
1103,36,-8.635347,41.134932,2013-07-01 00:55:48
1104,36,-8.635662,41.129748,2013-07-01 00:56:03
1105,36,-8.635941,41.124267,2013-07-01 00:56:18
1106,36,-8.634456,41.119209,2013-07-01 00:56:33
1107,36,-8.629263,41.116014,2013-07-01 00:56:48
1108,36,-8.623062,41.114358,2013-07-01 00:57:03
1109,36,-8.61678,41.112963,2013-07-01 00:57:18
1110,36,-8.610669,41.111604,2013-07-01 00:57:33
1111,36,-8.605764,41.109102,2013-07-01 00:57:48
1112,36,-8.603145,41.105151,2013-07-01 00:58:03
1113,36,-8.599149,41.101578,2013-07-01 00:58:18
1114,36,-8.594433,41.098419,2013-07-01 00:58:33
1115,36,-8.590338,41.09508,2013-07-01 00:58:48
1116,36,-8.588313,41.092353,2013-07-01 00:59:03
1117,36,-8.589483,41.09301,2013-07-01 00:59:18
1118,36,-8.588241,41.094081,2013-07-01 00:59:33
1119,36,-8.584623,41.093874,2013-07-01 00:59:48
1120,36,-8.58483,41.093253,2013-07-01 01:00:03
1121,36,-8.584479,41.095134,2013-07-01 01:00:18
1122,36,-8.586198,41.096286,2013-07-01 01:00:33
1123,36,-8.587044,41.096412,2013-07-01 01:00:48
1124,37,-8.621523,41.177673,2013-07-01 00:55:30
1125,37,-8.621532,41.177682,2013-07-01 00:55:45
1126,37,-8.621577,41.177601,2013-07-01 00:56:00
1127,37,-8.621613,41.17707,2013-07-01 00:56:15
1128,37,-8.62092,41.176764,2013-07-01 00:56:30
1129,37,-8.620398,41.176071,2013-07-01 00:56:45
1130,37,-8.620164,41.174865,2013-07-01 00:57:00
1131,37,-8.619471,41.17419,2013-07-01 00:57:15
1132,37,-8.619615,41.172057,2013-07-01 00:57:30
1133,37,-8.619543,41.171148,2013-07-01 00:57:45
1134,37,-8.620065,41.170203,2013-07-01 00:58:00
1135,37,-8.619795,41.16879,2013-07-01 00:58:15
1136,37,-8.620605,41.167827,2013-07-01 00:58:30
1137,37,-8.62029,41.167116,2013-07-01 00:58:45
1138,37,-8.620506,41.165478,2013-07-01 00:59:00
1139,37,-8.620731,41.164038,2013-07-01 00:59:15
1140,37,-8.620722,41.164074,2013-07-01 00:59:30
1141,37,-8.62074,41.164092,2013-07-01 00:59:45
1142,37,-8.620767,41.16411,2013-07-01 01:00:00
1143,37,-8.620776,41.164074,2013-07-01 01:00:15
1144,37,-8.622441,41.164119,2013-07-01 01:00:30
1145,37,-8.623125,41.1642,2013-07-01 01:00:45
1146,37,-8.623116,41.1642,2013-07-01 01:01:00
1147,37,-8.623116,41.1642,2013-07-01 01:01:15
1148,37,-8.623107,41.164209,2013-07-01 01:01:30
1149,37,-8.623116,41.164209,2013-07-01 01:01:45
1150,38,-8.612613,41.145894,2013-07-01 00:35:02
1151,38,-8.61156,41.145984,2013-07-01 00:35:17
1152,38,-8.610003,41.146434,2013-07-01 00:35:32
1153,38,-8.608851,41.147091,2013-07-01 00:35:47
1154,38,-8.608761,41.147289,2013-07-01 00:36:02
1155,38,-8.608446,41.147631,2013-07-01 00:36:17
1156,38,-8.607645,41.148963,2013-07-01 00:36:32
1157,38,-8.606979,41.150331,2013-07-01 00:36:47
1158,38,-8.60643,41.151402,2013-07-01 00:37:02
1159,38,-8.605755,41.15277,2013-07-01 00:37:17
1160,38,-8.605071,41.153481,2013-07-01 00:37:32
1161,38,-8.604711,41.154183,2013-07-01 00:37:47
1162,38,-8.60463,41.155713,2013-07-01 00:38:02
1163,38,-8.604531,41.157351,2013-07-01 00:38:17
1164,38,-8.604576,41.158944,2013-07-01 00:38:32
1165,38,-8.604531,41.159664,2013-07-01 00:38:47
1166,38,-8.604504,41.159673,2013-07-01 00:39:02
1167,38,-8.604603,41.15961,2013-07-01 00:39:17
1168,39,-8.61255,41.146128,2013-07-01 00:52:53
1169,39,-8.612199,41.146074,2013-07-01 00:53:08
1170,39,-8.611803,41.146092,2013-07-01 00:53:23
1171,39,-8.611812,41.146092,2013-07-01 00:53:38
1172,39,-8.611776,41.146092,2013-07-01 00:53:53
1173,39,-8.610804,41.145894,2013-07-01 00:54:08
1174,39,-8.610894,41.145408,2013-07-01 00:54:23
1175,39,-8.610903,41.145399,2013-07-01 00:54:38
1176,39,-8.610903,41.14539,2013-07-01 00:54:53
1177,39,-8.610876,41.145012,2013-07-01 00:55:08
1178,39,-8.610462,41.143608,2013-07-01 00:55:23
1179,39,-8.608653,41.143167,2013-07-01 00:55:38
1180,39,-8.606313,41.142348,2013-07-01 00:55:53
1181,39,-8.605062,41.143761,2013-07-01 00:56:08
1182,39,-8.606151,41.144463,2013-07-01 00:56:23
1183,39,-8.607402,41.145336,2013-07-01 00:56:38
1184,39,-8.607492,41.145417,2013-07-01 00:56:53
1185,39,-8.607483,41.145462,2013-07-01 00:57:08
1186,39,-8.607474,41.145471,2013-07-01 00:57:23
1187,39,-8.607465,41.145489,2013-07-01 00:57:38
1188,40,-8.688348,41.173668,2013-07-01 00:22:45
1189,40,-8.688537,41.173749,2013-07-01 00:23:00
1190,40,-8.688717,41.172921,2013-07-01 00:23:15
1191,40,-8.687322,41.171184,2013-07-01 00:23:30
1192,40,-8.687844,41.168754,2013-07-01 00:23:45
1193,40,-8.6886,41.168376,2013-07-01 00:24:00
1194,40,-8.688618,41.16735,2013-07-01 00:24:15
1195,40,-8.686782,41.167503,2013-07-01 00:24:30
1196,40,-8.684325,41.167116,2013-07-01 00:24:45
1197,40,-8.68122,41.166603,2013-07-01 00:25:00
1198,40,-8.67816,41.166108,2013-07-01 00:25:15
1199,40,-8.6751,41.165586,2013-07-01 00:25:30
1200,40,-8.671185,41.164893,2013-07-01 00:25:45
1201,40,-8.667117,41.164209,2013-07-01 00:26:00
1202,40,-8.6634,41.163579,2013-07-01 00:26:15
1203,40,-8.659944,41.163021,2013-07-01 00:26:30
1204,40,-8.657469,41.162598,2013-07-01 00:26:45
1205,40,-8.656515,41.161941,2013-07-01 00:27:00
1206,40,-8.658126,41.160996,2013-07-01 00:27:15
1207,40,-8.657244,41.161275,2013-07-01 00:27:30
1208,40,-8.656497,41.161536,2013-07-01 00:27:45
1209,40,-8.656281,41.161383,2013-07-01 00:28:00
1210,40,-8.656272,41.161383,2013-07-01 00:28:15
1211,40,-8.656245,41.161374,2013-07-01 00:28:30
1212,40,-8.656281,41.161374,2013-07-01 00:28:45
1213,40,-8.656272,41.161374,2013-07-01 00:29:00
1214,40,-8.656254,41.161383,2013-07-01 00:29:15
1215,40,-8.656227,41.161392,2013-07-01 00:29:30
1216,40,-8.656164,41.161392,2013-07-01 00:29:45
1217,40,-8.656182,41.161383,2013-07-01 00:30:00
1218,40,-8.656191,41.161347,2013-07-01 00:30:15
1219,40,-8.656191,41.161338,2013-07-01 00:30:30
1220,40,-8.6562,41.161356,2013-07-01 00:30:45
1221,40,-8.656182,41.161374,2013-07-01 00:31:00
1222,40,-8.656146,41.161383,2013-07-01 00:31:15
1223,40,-8.656137,41.161392,2013-07-01 00:31:30
1224,40,-8.656164,41.161383,2013-07-01 00:31:45
1225,40,-8.656191,41.161815,2013-07-01 00:32:00
1226,40,-8.655696,41.162076,2013-07-01 00:32:15
1227,40,-8.654184,41.16204,2013-07-01 00:32:30
1228,40,-8.651412,41.161572,2013-07-01 00:32:45
1229,40,-8.651394,41.161581,2013-07-01 00:33:00
1230,40,-8.651097,41.161536,2013-07-01 00:33:15
1231,40,-8.65035,41.160636,2013-07-01 00:33:30
1232,40,-8.649603,41.158476,2013-07-01 00:33:45
1233,40,-8.648496,41.155974,2013-07-01 00:34:00
1234,40,-8.648982,41.154714,2013-07-01 00:34:15
1235,40,-8.649792,41.154363,2013-07-01 00:34:30
1236,40,-8.649864,41.1543,2013-07-01 00:34:45
1237,40,-8.649873,41.154282,2013-07-01 00:35:00
1238,40,-8.6499,41.154219,2013-07-01 00:35:15
1239,40,-8.650125,41.154165,2013-07-01 00:35:30
1240,40,-8.649972,41.153868,2013-07-01 00:35:45
1241,40,-8.648208,41.154399,2013-07-01 00:36:00
1242,40,-8.648406,41.156199,2013-07-01 00:36:15
1243,40,-8.649396,41.158314,2013-07-01 00:36:30
1244,40,-8.648046,41.15898,2013-07-01 00:36:45
1245,40,-8.646183,41.156829,2013-07-01 00:37:00
1246,40,-8.644734,41.153652,2013-07-01 00:37:15
1247,40,-8.64153,41.15079,2013-07-01 00:37:30
1248,40,-8.64036,41.14728,2013-07-01 00:37:45
1249,40,-8.639685,41.144175,2013-07-01 00:38:00
1250,40,-8.640414,41.147514,2013-07-01 00:38:15
1251,40,-8.639712,41.144346,2013-07-01 00:38:30
1252,40,-8.641215,41.143248,2013-07-01 00:38:45
1253,40,-8.641674,41.144229,2013-07-01 00:39:00
1254,40,-8.641089,41.144193,2013-07-01 00:39:15
1255,40,-8.64108,41.144175,2013-07-01 00:39:30
1256,40,-8.641629,41.144301,2013-07-01 00:39:45
1257,40,-8.642079,41.144184,2013-07-01 00:40:00
1258,41,-8.689329,41.168115,2013-07-01 00:59:16
1259,41,-8.689221,41.167647,2013-07-01 00:59:31
1260,41,-8.687718,41.167629,2013-07-01 00:59:46
1261,41,-8.68545,41.167278,2013-07-01 01:00:01
1262,41,-8.684298,41.167098,2013-07-01 01:00:16
1263,41,-8.681499,41.166621,2013-07-01 01:00:31
1264,41,-8.678034,41.166045,2013-07-01 01:00:46
1265,41,-8.674893,41.165532,2013-07-01 01:01:01
1266,41,-8.671779,41.16501,2013-07-01 01:01:16
1267,41,-8.668854,41.164515,2013-07-01 01:01:31
1268,41,-8.665308,41.163921,2013-07-01 01:01:46
1269,41,-8.662599,41.163516,2013-07-01 01:02:01
1270,41,-8.659755,41.163057,2013-07-01 01:02:16
1271,41,-8.656686,41.162472,2013-07-01 01:02:31
1272,41,-8.653338,41.161905,2013-07-01 01:02:46
1273,41,-8.649864,41.161329,2013-07-01 01:03:01
1274,41,-8.646444,41.160753,2013-07-01 01:03:16
1275,41,-8.64432,41.160402,2013-07-01 01:03:31
1276,41,-8.643519,41.160276,2013-07-01 01:03:46
1277,41,-8.641908,41.160015,2013-07-01 01:04:01
1278,41,-8.640819,41.159844,2013-07-01 01:04:16
1279,41,-8.64081,41.159844,2013-07-01 01:04:31
1280,41,-8.640396,41.159772,2013-07-01 01:04:46
1281,41,-8.638425,41.159457,2013-07-01 01:05:01
1282,41,-8.637003,41.159115,2013-07-01 01:05:16
1283,41,-8.637102,41.158683,2013-07-01 01:05:31
1284,41,-8.637129,41.158638,2013-07-01 01:05:46
1285,42,-8.574705,41.142717,2013-07-01 00:33:13
1286,42,-8.574696,41.142726,2013-07-01 00:33:28
1287,42,-8.574687,41.142726,2013-07-01 00:33:43
1288,42,-8.574678,41.142708,2013-07-01 00:33:58
1289,42,-8.574687,41.142708,2013-07-01 00:34:13
1290,42,-8.574705,41.142699,2013-07-01 00:34:28
1291,42,-8.574714,41.142681,2013-07-01 00:34:43
1292,42,-8.574714,41.142672,2013-07-01 00:34:58
1293,42,-8.574705,41.142681,2013-07-01 00:35:13
1294,42,-8.574687,41.142681,2013-07-01 00:35:28
1295,42,-8.574723,41.142825,2013-07-01 00:35:43
1296,42,-8.575407,41.14296,2013-07-01 00:35:58
1297,42,-8.575812,41.143428,2013-07-01 00:36:13
1298,42,-8.575389,41.143851,2013-07-01 00:36:28
1299,42,-8.57394,41.143932,2013-07-01 00:36:43
1300,42,-8.57385,41.144067,2013-07-01 00:36:58
1301,42,-8.576181,41.144085,2013-07-01 00:37:13
1302,42,-8.577855,41.144805,2013-07-01 00:37:28
1303,42,-8.579898,41.143914,2013-07-01 00:37:43
1304,42,-8.582841,41.143734,2013-07-01 00:37:58
1305,42,-8.585829,41.143509,2013-07-01 00:38:13
1306,42,-8.587917,41.141799,2013-07-01 00:38:28
1307,42,-8.590428,41.140251,2013-07-01 00:38:43
1308,42,-8.593488,41.140008,2013-07-01 00:38:58
1309,42,-8.596296,41.140404,2013-07-01 00:39:13
1310,42,-8.599014,41.141682,2013-07-01 00:39:28
1311,42,-8.602038,41.141988,2013-07-01 00:39:43
1312,42,-8.605125,41.141817,2013-07-01 00:39:58
1313,42,-8.608113,41.141178,2013-07-01 00:40:13
1314,42,-8.61039,41.141061,2013-07-01 00:40:28
1315,42,-8.61381,41.14134,2013-07-01 00:40:43
1316,42,-8.614521,41.141286,2013-07-01 00:40:58
1317,42,-8.61444,41.14224,2013-07-01 00:41:13
1318,42,-8.614611,41.142843,2013-07-01 00:41:28
1319,42,-8.615358,41.142672,2013-07-01 00:41:43
1320,42,-8.615385,41.142636,2013-07-01 00:41:58
1321,42,-8.615403,41.142636,2013-07-01 00:42:13
1322,42,-8.615466,41.142636,2013-07-01 00:42:28
1323,42,-8.61552,41.142645,2013-07-01 00:42:43
1324,42,-8.615592,41.142645,2013-07-01 00:42:58
1325,42,-8.61552,41.142636,2013-07-01 00:43:13
1326,43,-8.628084,41.158368,2013-07-01 00:26:01
1327,43,-8.627886,41.158368,2013-07-01 00:26:16
1328,43,-8.62884,41.159106,2013-07-01 00:26:31
1329,43,-8.628255,41.161014,2013-07-01 00:26:46
1330,43,-8.627625,41.162958,2013-07-01 00:27:01
1331,43,-8.627499,41.163381,2013-07-01 00:27:16
1332,43,-8.627499,41.163372,2013-07-01 00:27:31
1333,43,-8.627517,41.163354,2013-07-01 00:27:46
1334,43,-8.627526,41.163354,2013-07-01 00:28:01
1335,43,-8.627508,41.163381,2013-07-01 00:28:16
1336,43,-8.627256,41.164173,2013-07-01 00:28:31
1337,43,-8.627139,41.164551,2013-07-01 00:28:46
1338,43,-8.628669,41.164956,2013-07-01 00:29:01
1339,43,-8.631675,41.164704,2013-07-01 00:29:16
1340,43,-8.633961,41.163678,2013-07-01 00:29:31
1341,43,-8.636094,41.164236,2013-07-01 00:29:46
1342,43,-8.636589,41.164434,2013-07-01 00:30:01
1343,43,-8.63874,41.164857,2013-07-01 00:30:16
1344,43,-8.640108,41.165073,2013-07-01 00:30:31
1345,43,-8.642241,41.165109,2013-07-01 00:30:46
1346,43,-8.642448,41.165154,2013-07-01 00:31:01
1347,43,-8.642673,41.165163,2013-07-01 00:31:16
1348,43,-8.643177,41.163804,2013-07-01 00:31:31
1349,43,-8.643726,41.162265,2013-07-01 00:31:46
1350,43,-8.645445,41.162517,2013-07-01 00:32:01
1351,43,-8.645769,41.163435,2013-07-01 00:32:16
1352,43,-8.645418,41.164461,2013-07-01 00:32:31
1353,43,-8.645418,41.164569,2013-07-01 00:32:46
1354,43,-8.645436,41.164578,2013-07-01 00:33:01
1355,44,-8.652933,41.162022,2013-07-01 00:50:57
1356,44,-8.65368,41.162139,2013-07-01 00:51:12
1357,44,-8.655183,41.162319,2013-07-01 00:51:27
1358,44,-8.654319,41.161968,2013-07-01 00:51:42
1359,44,-8.651502,41.161536,2013-07-01 00:51:57
1360,44,-8.647695,41.160924,2013-07-01 00:52:12
1361,44,-8.645634,41.160546,2013-07-01 00:52:27
1362,44,-8.644212,41.160321,2013-07-01 00:52:42
1363,44,-8.644275,41.160276,2013-07-01 00:52:57
1364,44,-8.644239,41.160249,2013-07-01 00:53:12
1365,44,-8.643501,41.160132,2013-07-01 00:53:27
1366,44,-8.642322,41.160015,2013-07-01 00:53:42
1367,44,-8.641368,41.159808,2013-07-01 00:53:57
1368,44,-8.638218,41.15943,2013-07-01 00:54:12
1369,44,-8.634699,41.158818,2013-07-01 00:54:27
1370,44,-8.632548,41.158107,2013-07-01 00:54:42
1371,44,-8.631324,41.15655,2013-07-01 00:54:57
1372,44,-8.630082,41.157189,2013-07-01 00:55:12
1373,44,-8.627679,41.15727,2013-07-01 00:55:27
1374,44,-8.62533,41.157225,2013-07-01 00:55:42
1375,44,-8.625051,41.157189,2013-07-01 00:55:57
1376,44,-8.625303,41.155947,2013-07-01 00:56:12
1377,44,-8.623962,41.155452,2013-07-01 00:56:27
1378,44,-8.621352,41.155893,2013-07-01 00:56:42
1379,44,-8.618679,41.154966,2013-07-01 00:56:57
1380,44,-8.615358,41.154408,2013-07-01 00:57:12
1381,44,-8.613216,41.15394,2013-07-01 00:57:27
1382,44,-8.613297,41.153724,2013-07-01 00:57:42
1383,44,-8.613144,41.153589,2013-07-01 00:57:57
1384,44,-8.609508,41.153427,2013-07-01 00:58:12
1385,44,-8.606772,41.153472,2013-07-01 00:58:27
1386,44,-8.606574,41.153427,2013-07-01 00:58:42
1387,44,-8.605368,41.153463,2013-07-01 00:58:57
1388,44,-8.604756,41.152923,2013-07-01 00:59:12
1389,44,-8.605017,41.151915,2013-07-01 00:59:27
1390,45,-8.612856,41.140431,2013-07-01 00:38:16
1391,45,-8.613243,41.140368,2013-07-01 00:38:31
1392,45,-8.614566,41.140359,2013-07-01 00:38:46
1393,45,-8.615502,41.140395,2013-07-01 00:39:01
1394,45,-8.616132,41.140521,2013-07-01 00:39:16
1395,45,-8.614827,41.140917,2013-07-01 00:39:31
1396,45,-8.614395,41.142177,2013-07-01 00:39:46
1397,45,-8.613342,41.143446,2013-07-01 00:40:01
1398,45,-8.611749,41.144706,2013-07-01 00:40:16
1399,45,-8.611488,41.144886,2013-07-01 00:40:31
1400,45,-8.611533,41.144904,2013-07-01 00:40:46
1401,45,-8.610912,41.14539,2013-07-01 00:41:01
1402,45,-8.610417,41.146191,2013-07-01 00:41:16
1403,45,-8.609292,41.146794,2013-07-01 00:41:31
1404,45,-8.608608,41.147433,2013-07-01 00:41:46
1405,45,-8.607591,41.149332,2013-07-01 00:42:01
1406,45,-8.606601,41.151267,2013-07-01 00:42:16
1407,45,-8.605539,41.153328,2013-07-01 00:42:31
1408,45,-8.607267,41.153517,2013-07-01 00:42:46
1409,45,-8.609175,41.153589,2013-07-01 00:43:01
1410,45,-8.609481,41.153733,2013-07-01 00:43:16
1411,45,-8.609715,41.15385,2013-07-01 00:43:31
1412,45,-8.609427,41.15511,2013-07-01 00:43:46
1413,45,-8.609076,41.157756,2013-07-01 00:44:01
1414,45,-8.607843,41.160456,2013-07-01 00:44:16
1415,45,-8.606394,41.164722,2013-07-01 00:44:31
1416,45,-8.606547,41.167809,2013-07-01 00:44:46
1417,45,-8.605395,41.1705,2013-07-01 00:45:01
1418,45,-8.604702,41.17275,2013-07-01 00:45:16
1419,45,-8.607942,41.173632,2013-07-01 00:45:31
1420,45,-8.6121,41.174676,2013-07-01 00:45:46
1421,45,-8.617257,41.174118,2013-07-01 00:46:01
1422,45,-8.622513,41.173524,2013-07-01 00:46:16
1423,45,-8.627616,41.172957,2013-07-01 00:46:31
1424,45,-8.632791,41.17194,2013-07-01 00:46:46
1425,45,-8.637507,41.170644,2013-07-01 00:47:01
1426,45,-8.641179,41.168412,2013-07-01 00:47:16
1427,45,-8.643987,41.168709,2013-07-01 00:47:31
1428,45,-8.64711,41.171229,2013-07-01 00:47:46
1429,45,-8.650503,41.173992,2013-07-01 00:48:01
1430,45,-8.6544,41.177142,2013-07-01 00:48:16
1431,45,-8.65818,41.180256,2013-07-01 00:48:31
1432,45,-8.661987,41.183352,2013-07-01 00:48:46
1433,45,-8.665839,41.186484,2013-07-01 00:49:01
1434,45,-8.670141,41.188896,2013-07-01 00:49:16
1435,45,-8.675676,41.189751,2013-07-01 00:49:31
1436,45,-8.680212,41.192712,2013-07-01 00:49:46
1437,45,-8.683947,41.196447,2013-07-01 00:50:01
1438,45,-8.687322,41.199804,2013-07-01 00:50:16
1439,45,-8.687961,41.202225,2013-07-01 00:50:31
1440,45,-8.68725,41.204277,2013-07-01 00:50:46
1441,45,-8.68788,41.204727,2013-07-01 00:51:01
1442,45,-8.691102,41.204547,2013-07-01 00:51:16
1443,45,-8.693028,41.203188,2013-07-01 00:51:31
1444,46,-8.663409,41.180724,2013-07-01 00:45:36
1445,46,-8.665209,41.18112,2013-07-01 00:45:51
1446,46,-8.665164,41.181012,2013-07-01 00:46:06
1447,46,-8.662941,41.18049,2013-07-01 00:46:21
1448,46,-8.660394,41.179995,2013-07-01 00:46:36
1449,46,-8.658216,41.179554,2013-07-01 00:46:51
1450,46,-8.657271,41.180121,2013-07-01 00:47:06
1451,46,-8.658927,41.181264,2013-07-01 00:47:21
1452,46,-8.660772,41.183136,2013-07-01 00:47:36
1453,46,-8.662113,41.185206,2013-07-01 00:47:51
1454,46,-8.660484,41.185962,2013-07-01 00:48:06
1455,46,-8.660106,41.187411,2013-07-01 00:48:21
1456,46,-8.66097,41.188959,2013-07-01 00:48:36
1457,46,-8.661807,41.190129,2013-07-01 00:48:51
1458,46,-8.662257,41.191416,2013-07-01 00:49:06
1459,46,-8.662347,41.191974,2013-07-01 00:49:21
1460,46,-8.661528,41.192172,2013-07-01 00:49:36
1461,46,-8.659656,41.192127,2013-07-01 00:49:51
1462,46,-8.658252,41.192919,2013-07-01 00:50:06
1463,46,-8.656488,41.193927,2013-07-01 00:50:21
1464,46,-8.655975,41.193711,2013-07-01 00:50:36
1465,46,-8.655993,41.193594,2013-07-01 00:50:51
1466,46,-8.655993,41.193513,2013-07-01 00:51:06
1467,46,-8.656047,41.193549,2013-07-01 00:51:21
1468,46,-8.656038,41.193558,2013-07-01 00:51:36
1469,46,-8.656038,41.193576,2013-07-01 00:51:51
1470,46,-8.65593,41.193243,2013-07-01 00:52:06
1471,46,-8.655921,41.193081,2013-07-01 00:52:21
1472,46,-8.655858,41.192937,2013-07-01 00:52:36
1473,46,-8.655876,41.192982,2013-07-01 00:52:51
1474,46,-8.655921,41.193189,2013-07-01 00:53:06
1475,46,-8.655966,41.193351,2013-07-01 00:53:21
1476,46,-8.656029,41.193576,2013-07-01 00:53:36
1477,46,-8.656056,41.193603,2013-07-01 00:53:51
1478,46,-8.656038,41.193612,2013-07-01 00:54:06
1479,46,-8.656029,41.193612,2013-07-01 00:54:21
1480,46,-8.656029,41.193612,2013-07-01 00:54:36
1481,46,-8.656038,41.193603,2013-07-01 00:54:51
1482,46,-8.656029,41.193792,2013-07-01 00:55:06
1483,46,-8.65611,41.194197,2013-07-01 00:55:21
1484,46,-8.656137,41.194467,2013-07-01 00:55:36
1485,46,-8.656209,41.194773,2013-07-01 00:55:51
1486,46,-8.65629,41.195106,2013-07-01 00:56:06
1487,46,-8.656407,41.195574,2013-07-01 00:56:21
1488,46,-8.656524,41.196204,2013-07-01 00:56:36
1489,46,-8.656569,41.196924,2013-07-01 00:56:51
1490,46,-8.656533,41.197419,2013-07-01 00:57:06
1491,46,-8.656767,41.1975,2013-07-01 00:57:21
1492,46,-8.656929,41.1975,2013-07-01 00:57:36
1493,46,-8.656542,41.197275,2013-07-01 00:57:51
1494,46,-8.656569,41.196798,2013-07-01 00:58:06
1495,46,-8.656281,41.195169,2013-07-01 00:58:21
1496,46,-8.655849,41.193027,2013-07-01 00:58:36
1497,46,-8.655516,41.191515,2013-07-01 00:58:51
1498,46,-8.655516,41.191317,2013-07-01 00:59:06
1499,46,-8.655426,41.191146,2013-07-01 00:59:21
1500,46,-8.655426,41.191155,2013-07-01 00:59:36
1501,46,-8.655453,41.191164,2013-07-01 00:59:51
1502,46,-8.655435,41.191173,2013-07-01 01:00:06
1503,46,-8.655426,41.191164,2013-07-01 01:00:21
1504,46,-8.655192,41.190552,2013-07-01 01:00:36
1505,46,-8.655039,41.19003,2013-07-01 01:00:51
1506,46,-8.654778,41.188527,2013-07-01 01:01:06
1507,46,-8.654499,41.187222,2013-07-01 01:01:21
1508,46,-8.654193,41.186169,2013-07-01 01:01:36
1509,46,-8.65395,41.185134,2013-07-01 01:01:51
1510,46,-8.653545,41.183334,2013-07-01 01:02:06
1511,46,-8.653284,41.183586,2013-07-01 01:02:21
1512,46,-8.653878,41.185629,2013-07-01 01:02:36
1513,46,-8.654292,41.187609,2013-07-01 01:02:51
1514,46,-8.654778,41.189751,2013-07-01 01:03:06
1515,46,-8.655156,41.19147,2013-07-01 01:03:21
1516,46,-8.655426,41.192559,2013-07-01 01:03:36
1517,46,-8.655138,41.193306,2013-07-01 01:03:51
1518,46,-8.653716,41.192424,2013-07-01 01:04:06
1519,46,-8.653203,41.191641,2013-07-01 01:04:21
1520,46,-8.652267,41.191254,2013-07-01 01:04:36
1521,46,-8.65125,41.191623,2013-07-01 01:04:51
1522,46,-8.651655,41.191317,2013-07-01 01:05:06
1523,46,-8.6526,41.191227,2013-07-01 01:05:21
1524,46,-8.653374,41.191785,2013-07-01 01:05:36
1525,46,-8.655714,41.192145,2013-07-01 01:05:51
1526,46,-8.658009,41.191623,2013-07-01 01:06:06
1527,46,-8.659701,41.192064,2013-07-01 01:06:21
1528,46,-8.660502,41.193351,2013-07-01 01:06:36
1529,46,-8.660889,41.194026,2013-07-01 01:06:51
1530,46,-8.661321,41.194503,2013-07-01 01:07:06
1531,46,-8.661321,41.194503,2013-07-01 01:07:21
1532,46,-8.661321,41.194494,2013-07-01 01:07:36
1533,46,-8.661636,41.194836,2013-07-01 01:07:51
1534,46,-8.662626,41.195862,2013-07-01 01:08:06
1535,46,-8.662869,41.196123,2013-07-01 01:08:21
1536,46,-8.662824,41.196033,2013-07-01 01:08:36
1537,46,-8.661888,41.195097,2013-07-01 01:08:51
1538,46,-8.660943,41.194953,2013-07-01 01:09:06
1539,46,-8.66079,41.196375,2013-07-01 01:09:21
1540,46,-8.66061,41.198058,2013-07-01 01:09:36
1541,46,-8.659188,41.199048,2013-07-01 01:09:51
1542,46,-8.658621,41.199354,2013-07-01 01:10:06
1543,46,-8.659683,41.198778,2013-07-01 01:10:21
1544,46,-8.661123,41.197653,2013-07-01 01:10:36
1545,46,-8.66079,41.195889,2013-07-01 01:10:51
1546,46,-8.661258,41.194764,2013-07-01 01:11:06
1547,46,-8.661276,41.194782,2013-07-01 01:11:21
1548,46,-8.660997,41.194098,2013-07-01 01:11:36
1549,46,-8.660376,41.193153,2013-07-01 01:11:51
1550,46,-8.660295,41.192955,2013-07-01 01:12:06
1551,46,-8.66079,41.193891,2013-07-01 01:12:21
1552,46,-8.66007,41.194665,2013-07-01 01:12:36
1553,46,-8.658666,41.195601,2013-07-01 01:12:51
1554,46,-8.658009,41.196213,2013-07-01 01:13:06
1555,46,-8.657487,41.196024,2013-07-01 01:13:21
1556,46,-8.656524,41.196006,2013-07-01 01:13:36
1557,46,-8.656389,41.19561,2013-07-01 01:13:51
1558,46,-8.656227,41.194863,2013-07-01 01:14:06
1559,46,-8.656011,41.193675,2013-07-01 01:14:21
1560,46,-8.655723,41.192451,2013-07-01 01:14:36
1561,46,-8.65539,41.190966,2013-07-01 01:14:51
1562,46,-8.655165,41.190516,2013-07-01 01:15:06
1563,46,-8.655003,41.189895,2013-07-01 01:15:21
1564,46,-8.654778,41.188725,2013-07-01 01:15:36
1565,46,-8.65449,41.18715,2013-07-01 01:15:51
1566,46,-8.654085,41.185674,2013-07-01 01:16:06
1567,46,-8.653725,41.184072,2013-07-01 01:16:21
1568,46,-8.653356,41.182479,2013-07-01 01:16:36
1569,46,-8.652978,41.181102,2013-07-01 01:16:51
1570,46,-8.652663,41.179464,2013-07-01 01:17:06
1571,46,-8.652636,41.179311,2013-07-01 01:17:21
1572,46,-8.652636,41.179329,2013-07-01 01:17:36
1573,46,-8.652636,41.179338,2013-07-01 01:17:51
1574,46,-8.653365,41.178762,2013-07-01 01:18:06
1575,46,-8.655471,41.178312,2013-07-01 01:18:21
1576,46,-8.655156,41.177448,2013-07-01 01:18:36
1577,46,-8.653365,41.176008,2013-07-01 01:18:51
1578,46,-8.653338,41.175036,2013-07-01 01:19:06
1579,46,-8.654445,41.17383,2013-07-01 01:19:21
1580,46,-8.655813,41.17221,2013-07-01 01:19:36
1581,46,-8.656767,41.171076,2013-07-01 01:19:51
1582,46,-8.657271,41.170464,2013-07-01 01:20:06
1583,46,-8.658486,41.169033,2013-07-01 01:20:21
1584,46,-8.659782,41.167467,2013-07-01 01:20:36
1585,46,-8.661159,41.165856,2013-07-01 01:20:51
1586,46,-8.662617,41.164092,2013-07-01 01:21:06
1587,46,-8.662914,41.163741,2013-07-01 01:21:21
1588,46,-8.662923,41.163426,2013-07-01 01:21:36
1589,47,-8.648046,41.165028,2013-07-01 00:40:41
1590,47,-8.648469,41.16465,2013-07-01 00:40:56
1591,47,-8.649324,41.164884,2013-07-01 00:41:11
1592,47,-8.650287,41.164929,2013-07-01 00:41:26
1593,47,-8.650719,41.163453,2013-07-01 00:41:41
1594,47,-8.651223,41.161959,2013-07-01 00:41:56
1595,47,-8.651943,41.161788,2013-07-01 00:42:11
1596,47,-8.654319,41.162175,2013-07-01 00:42:26
1597,47,-8.655534,41.162319,2013-07-01 00:42:41
1598,47,-8.657307,41.161446,2013-07-01 00:42:56
1599,47,-8.660007,41.160276,2013-07-01 00:43:11
1600,47,-8.663175,41.159034,2013-07-01 00:43:26
1601,47,-8.664795,41.158404,2013-07-01 00:43:41
1602,47,-8.66646,41.157747,2013-07-01 00:43:56
1603,47,-8.668953,41.156757,2013-07-01 00:44:11
1604,47,-8.671176,41.155875,2013-07-01 00:44:26
1605,47,-8.672751,41.155578,2013-07-01 00:44:41
1606,47,-8.673723,41.154588,2013-07-01 00:44:56
1607,47,-8.674101,41.153562,2013-07-01 00:45:11
1608,47,-8.674272,41.15295,2013-07-01 00:45:26
1609,47,-8.674272,41.15295,2013-07-01 00:45:41
1610,47,-8.674155,41.153067,2013-07-01 00:45:56
1611,47,-8.673939,41.154147,2013-07-01 00:46:11
1612,47,-8.674326,41.154264,2013-07-01 00:46:26
1613,47,-8.676009,41.153256,2013-07-01 00:46:41
1614,47,-8.677611,41.152383,2013-07-01 00:46:56
1615,47,-8.678637,41.153319,2013-07-01 00:47:11
1616,47,-8.680032,41.154975,2013-07-01 00:47:26
1617,47,-8.681436,41.15664,2013-07-01 00:47:41
1618,47,-8.682336,41.157711,2013-07-01 00:47:56
1619,47,-8.683794,41.159457,2013-07-01 00:48:11
1620,47,-8.684982,41.161635,2013-07-01 00:48:26
1621,47,-8.686206,41.163804,2013-07-01 00:48:41
1622,47,-8.68653,41.16438,2013-07-01 00:48:56
1623,47,-8.686998,41.165208,2013-07-01 00:49:11
1624,47,-8.687988,41.166954,2013-07-01 00:49:26
1625,47,-8.687925,41.167989,2013-07-01 00:49:41
1626,47,-8.687457,41.169231,2013-07-01 00:49:56
1627,47,-8.687133,41.171013,2013-07-01 00:50:11
1628,47,-8.687466,41.171517,2013-07-01 00:50:26
1629,47,-8.688015,41.172345,2013-07-01 00:50:41
1630,47,-8.688312,41.173497,2013-07-01 00:50:56
1631,47,-8.688906,41.174658,2013-07-01 00:51:11
1632,47,-8.689104,41.176251,2013-07-01 00:51:26
1633,47,-8.689158,41.176692,2013-07-01 00:51:41
1634,47,-8.689338,41.178375,2013-07-01 00:51:56
1635,47,-8.689572,41.180049,2013-07-01 00:52:11
1636,47,-8.690409,41.180166,2013-07-01 00:52:26
1637,47,-8.690886,41.182002,2013-07-01 00:52:41
1638,47,-8.692353,41.183424,2013-07-01 00:52:56
1639,47,-8.693739,41.184801,2013-07-01 00:53:11
1640,47,-8.694612,41.186016,2013-07-01 00:53:26
1641,47,-8.694864,41.186727,2013-07-01 00:53:41
1642,47,-8.693397,41.187645,2013-07-01 00:53:56
1643,47,-8.691921,41.18733,2013-07-01 00:54:11
1644,47,-8.692443,41.187375,2013-07-01 00:54:26
1645,47,-8.693847,41.188356,2013-07-01 00:54:41
1646,47,-8.69517,41.18949,2013-07-01 00:54:56
1647,47,-8.69625,41.190687,2013-07-01 00:55:11
1648,47,-8.695782,41.191254,2013-07-01 00:55:26
1649,47,-8.697132,41.190759,2013-07-01 00:55:41
1650,47,-8.699265,41.190633,2013-07-01 00:55:56
1651,47,-8.701245,41.19057,2013-07-01 00:56:11
1652,47,-8.701929,41.190111,2013-07-01 00:56:26
1653,47,-8.702694,41.189904,2013-07-01 00:56:41
1654,47,-8.70291,41.189886,2013-07-01 00:56:56
1655,47,-8.702928,41.189877,2013-07-01 00:57:11
1656,48,-8.611983,41.150358,2013-07-01 01:09:03
1657,48,-8.613117,41.149989,2013-07-01 01:09:18
1658,48,-8.614089,41.149557,2013-07-01 01:09:33
1659,48,-8.614413,41.148504,2013-07-01 01:09:48
1660,48,-8.614368,41.148414,2013-07-01 01:10:03
1661,48,-8.614359,41.148423,2013-07-01 01:10:18
1662,48,-8.614386,41.14845,2013-07-01 01:10:33
1663,48,-8.614638,41.147919,2013-07-01 01:10:48
1664,48,-8.615115,41.148261,2013-07-01 01:11:03
1665,48,-8.615052,41.148648,2013-07-01 01:11:18
1666,48,-8.614953,41.148603,2013-07-01 01:11:33
1667,48,-8.614953,41.148693,2013-07-01 01:11:48
1668,48,-8.615106,41.148792,2013-07-01 01:12:03
1669,48,-8.614962,41.148675,2013-07-01 01:12:18
1670,48,-8.614971,41.149233,2013-07-01 01:12:33
1671,48,-8.614692,41.150457,2013-07-01 01:12:48
1672,48,-8.61444,41.151564,2013-07-01 01:13:03
1673,48,-8.613765,41.152392,2013-07-01 01:13:18
1674,48,-8.612865,41.153508,2013-07-01 01:13:33
1675,48,-8.611992,41.154237,2013-07-01 01:13:48
1676,48,-8.611902,41.155956,2013-07-01 01:14:03
1677,48,-8.611056,41.157189,2013-07-01 01:14:18
1678,48,-8.609787,41.157423,2013-07-01 01:14:33
1679,48,-8.609517,41.157342,2013-07-01 01:14:48
1680,48,-8.609418,41.157369,2013-07-01 01:15:03
1681,48,-8.608923,41.157684,2013-07-01 01:15:18
1682,48,-8.608086,41.159475,2013-07-01 01:15:33
1683,48,-8.606259,41.163822,2013-07-01 01:15:48
1684,48,-8.605836,41.165451,2013-07-01 01:16:03
1685,48,-8.603136,41.165514,2013-07-01 01:16:18
1686,48,-8.601705,41.163894,2013-07-01 01:16:33
1687,48,-8.60058,41.164587,2013-07-01 01:16:48
1688,48,-8.598987,41.165451,2013-07-01 01:17:03
1689,48,-8.598744,41.165388,2013-07-01 01:17:18
1690,48,-8.598816,41.165217,2013-07-01 01:17:33
1691,48,-8.598789,41.165181,2013-07-01 01:17:48
1692,48,-8.598762,41.165181,2013-07-01 01:18:03
1693,48,-8.598735,41.165181,2013-07-01 01:18:18
1694,48,-8.598717,41.165163,2013-07-01 01:18:33
1695,48,-8.598726,41.165163,2013-07-01 01:18:48
1696,48,-8.598744,41.165154,2013-07-01 01:19:03
1697,48,-8.598762,41.165163,2013-07-01 01:19:18
1698,48,-8.599194,41.164497,2013-07-01 01:19:33
1699,48,-8.599644,41.165019,2013-07-01 01:19:48
1700,48,-8.59995,41.165127,2013-07-01 01:20:03
1701,48,-8.600706,41.165928,2013-07-01 01:20:18
1702,48,-8.601264,41.165613,2013-07-01 01:20:33
1703,48,-8.602317,41.164947,2013-07-01 01:20:48
1704,48,-8.602146,41.164479,2013-07-01 01:21:03
1705,48,-8.601804,41.163957,2013-07-01 01:21:18
1706,48,-8.601705,41.163903,2013-07-01 01:21:33
1707,48,-8.601624,41.163813,2013-07-01 01:21:48
1708,48,-8.602686,41.162922,2013-07-01 01:22:03
1709,48,-8.60382,41.162049,2013-07-01 01:22:18
1710,48,-8.603883,41.162076,2013-07-01 01:22:33
1711,48,-8.603892,41.16204,2013-07-01 01:22:48
1712,48,-8.604405,41.161842,2013-07-01 01:23:03
1713,48,-8.605152,41.161959,2013-07-01 01:23:18
1714,48,-8.605845,41.162013,2013-07-01 01:23:33
1715,49,-8.628363,41.157486,2013-07-01 01:26:31
1716,49,-8.626707,41.157621,2013-07-01 01:26:46
1717,49,-8.624898,41.157054,2013-07-01 01:27:01
1718,49,-8.625249,41.155614,2013-07-01 01:27:16
1719,49,-8.622882,41.155812,2013-07-01 01:27:31
1720,49,-8.620677,41.155587,2013-07-01 01:27:46
1721,49,-8.617878,41.155029,2013-07-01 01:28:01
1722,49,-8.614629,41.154417,2013-07-01 01:28:16
1723,49,-8.613333,41.153895,2013-07-01 01:28:31
1724,49,-8.613324,41.153841,2013-07-01 01:28:46
1725,49,-8.611362,41.153607,2013-07-01 01:29:01
1726,49,-8.608437,41.153562,2013-07-01 01:29:16
1727,50,-8.611497,41.15043,2013-07-01 01:15:28
1728,50,-8.61228,41.150214,2013-07-01 01:15:43
1729,50,-8.613594,41.14998,2013-07-01 01:15:58
1730,50,-8.614764,41.150016,2013-07-01 01:16:13
1731,50,-8.614647,41.151078,2013-07-01 01:16:28
1732,50,-8.613927,41.151789,2013-07-01 01:16:43
1733,50,-8.613612,41.152788,2013-07-01 01:16:58
1734,50,-8.613369,41.153679,2013-07-01 01:17:13
1735,50,-8.613387,41.15367,2013-07-01 01:17:28
1736,50,-8.612181,41.153733,2013-07-01 01:17:43
1737,50,-8.611956,41.155461,2013-07-01 01:17:58
1738,50,-8.612379,41.156829,2013-07-01 01:18:13
1739,50,-8.612226,41.158098,2013-07-01 01:18:28
1740,50,-8.611704,41.160069,2013-07-01 01:18:43
1741,50,-8.611389,41.161563,2013-07-01 01:18:58
1742,50,-8.611056,41.163273,2013-07-01 01:19:13
1743,50,-8.611002,41.164389,2013-07-01 01:19:28
1744,50,-8.611029,41.164614,2013-07-01 01:19:43
1745,50,-8.611425,41.166324,2013-07-01 01:19:58
1746,50,-8.61237,41.168439,2013-07-01 01:20:13
1747,50,-8.612928,41.170482,2013-07-01 01:20:28
1748,50,-8.612658,41.172264,2013-07-01 01:20:43
1749,50,-8.613315,41.174136,2013-07-01 01:20:58
1750,50,-8.613855,41.175693,2013-07-01 01:21:13
1751,50,-8.613531,41.176494,2013-07-01 01:21:28
1752,50,-8.611749,41.176575,2013-07-01 01:21:43
1753,50,-8.610147,41.175648,2013-07-01 01:21:58
1754,50,-8.610039,41.175639,2013-07-01 01:22:13
